line_id,speaker,emotion,reason,text_fr,text_ko,text_ja
act1_camp:visite:5,seo_yeon,neutral,apparition,"Vous revoilà. Asseyez-vous, que je vérifie vos points. Non, ce n'est pas une question.","또 오셨네요. 앉으세요, 봉합 부위 좀 볼게요. 아니요, 질문 아니에요.",また来たんですね。座ってください、縫った所を診ます。いいえ、質問じゃありません。
act1_camp:visite_soin:0,seo_yeon,embarrassed,apparition,Je mangerai quand tout le monde aura mangé. Ne me regardez pas comme ça.,다들 먹고 나면 먹을게요. 그런 눈으로 보지 마세요.,みんなが食べたら私も食べます。そんな目で見ないでください。
act1_camp:visite_tard:0,seo_yeon,sad,apparition,Il paraît que la Tour s'est ouverte. Que des gens montent là-haut pour devenir plus forts.,탑이 열렸대요. 사람들이 더 강해지려고 저 위로 올라간대요.,塔が開いたそうです。強くなるために、みんな上へ登っていくって。
act1_camp:visite_serum:0,elias,neutral,apparition,Tenez. Gardez ça sur vous. Toujours.,받아요. 항상 몸에 지니고 다녀요.,持ってろ。いつも肌身離さずにな。
act1_camp:visite_serum:2,seo_yeon,surprise,apparition,C'est… un antiviral expérimental de Haesong ? Où avez-vous… Non. Je ne veux pas savoir.,이건… 해송의 실험용 항바이러스제? 어디서… 아뇨. 알고 싶지 않아요.,これって…海松の試験用抗ウイルス剤？どこで…いいえ。知りたくないです。
act1_camp:visite_vassal:0,seo_yeon,contempt,apparition,Seigneur Kang.,강 영주님.,カン様。
act1_camp:visite_sauve:0,seo_yeon,joy,apparition,Les enfants ont dessiné quelque chose pour vous. C'est… un homme avec un manteau qui se bat contre des pieuvres.,애들이 당신 그림을 그렸어요. 그게… 코트 입은 남자가 문어랑 싸우는 그림이에요.,子どもたちがあなたの絵を描いたんです。それが…コートの男がタコと戦ってる絵で。
act1_camp:seo_soir:3,seo_yeon,sad,scène clé,"Je peux vous dire un truc horrible ? Avant la Tour, je voulais démissionner. Je n'en pouvais plus.","끔찍한 말 하나 해도 돼요? 탑이 오기 전에, 그만두고 싶었어요. 더는 버틸 수가 없었거든요.",ひどいこと言ってもいいですか？塔が来る前、辞めたかったんです。もう限界で。
act1_camp:seo_soir_doux:0,seo_yeon,neutral,apparition,Humain. Oui. On dit ça des choses qu'on ne veut pas regarder en face.,인간적이다. 네. 똑바로 보기 싫은 것들한테 다들 그렇게 말하죠.,人間らしい、ですか。ええ。直視したくないものを、みんなそう呼ぶんです。
act1_camp:seo_soir_creuser:1,seo_yeon,tears,scène clé,"Un soir, aux urgences, mon chef m'a demandé de faire passer le fils d'un député avant un ouvrier. J'ai modifié la fiche de tri.","어느 날 밤 응급실에서, 과장님이 노동자보다 국회의원 아들을 먼저 보라고 했어요. 저는 분류표를 고쳤어요.",ある夜、救急で上司に言われたんです。作業員より議員の息子を先にしろって。私はトリアージ票を書き換えました。
act1_camp:seo_soir_creuser:3,elias,neutral,apparition,Vous venez de le dire.,방금 말했잖아요.,今、言っただろ。
act1_camp:seo_soir_dur:0,seo_yeon,contempt,apparition,"Merci du diagnostic, docteur Kang.","진단 고맙네요, 강 선생님.",診断どうも、カン先生。
act1_camp:decision_j4:6,seo_yeon,fear,apparition,Kang-ssi… Les enfants. Qu'est-ce qu'on fait ?,강 씨… 애들이요. 어떻게 해요?,カンさん…子どもたちが。どうしましょう？
act1_camp:defendre:0,elias,neutral,scène clé,"On creuse une tranchée côté fleuve. Les voitures en barrière côté avenue. Ceux qui savent tenir une arme, avec moi.",강 쪽에 참호를 판다. 대로 쪽은 차로 막고. 무기 다룰 줄 아는 사람은 나랑 같이 가.,川側に塹壕を掘る。大通り側は車でバリケードだ。武器を扱える奴は俺と来い。
act1_camp:defendre:5,seo_yeon,tears,apparition,Merci. Je… merci.,고마워요. 저… 고마워요.,ありがとう。私…ありがとう。
act1_camp:tribut:1,seo_yeon,contempt,apparition,Vous êtes… comme eux. Comme le recruteur.,당신도… 저 사람들이랑 똑같아요. 그 모집책이랑.,あなたも…あの人たちと同じ。あの勧誘屋と。
act1_camp:tribut:2,elias,neutral,apparition,"Non. Eux, ils prennent et ils partent. Moi, je prends et je reste. Choisissez.",아니. 저놈들은 빼앗고 떠나. 나는 빼앗고 남지. 골라.,違う。奴らは奪って去る。俺は奪って、残る。選べ。
act1_camp:tribut:4,seo_yeon,tears,scène clé,…Je signe. Pour eux. Pas pour vous.,…서명할게요. 저 사람들을 위해서요. 당신이 아니라.,…署名します。この人たちのために。あなたのためじゃない。
act1_camp:nuee_defendu:0,seo_yeon,fear,apparition,"Les barricades tiennent ! Kang-ssi, à gauche !","바리케이드 버텨요! 강 씨, 왼쪽이요!",バリケードは持ちます！カンさん、左です！
act1_camp:nuee_vassal:0,seo_yeon,surprise,apparition,Vous êtes venu. La clause… vous la tenez vraiment.,와 줬네요. 그 조항… 정말 지키는군요.,来てくれた。あの条項…本当に守るんですね。
act1_camp:nuee_seo:0,seo_yeon,tears,scène clé,"Ils sont tous vivants. Tous. Vous savez ce que ça veut dire, pour moi ?",다 살아 있어요. 전부요. 그게 저한테 무슨 의미인지 알아요?,みんな生きてる。全員です。それが私にとってどういう意味か、わかりますか？
act1_camp:defeat:2,elias,exhausted,apparition,Pas… encore…,아직… 안 돼…,まだ…だ…
act1_camp:hopital:4,elias,sad,apparition,(Six enfants. Ils viennent se cacher ici parce que le camp les rationne. C'est pour eux qu'elle entre.),(아이 여섯. 캠프가 배급을 줄이니까 여기 숨으러 오는 거다. 그 애들 때문에 그녀가 들어온다.),（子ども六人。キャンプが配給を絞るから、ここに隠れに来る。あの子たちのために、彼女は中へ入るんだ。）
act1_haein:audience_levier:0,elias,smirk,apparition,"Dites à votre Présidente que je sais ce qu'il y a derrière le mur du parking B6. Elle, elle ne le sait pas.",회장님께 전해. 주차장 B6 벽 뒤에 뭐가 있는지 내가 안다고. 회장님은 모르는 걸.,会長に伝えろ。駐車場B6の壁の向こうに何があるか、俺は知ってる。あの人は知らないことをな。
act1_haein:bureau:4,hae_in,threat,scène clé,"Monsieur Kang. Rang F, Porteur, ancien recouvreur pour une société-écran de Longwei. Vous voyez, je fais mes devoirs.","강 씨. F랭크, 포터, 용위의 페이퍼컴퍼니에서 일하던 전직 추심원. 보시다시피, 저는 숙제를 하는 편이에요.",カンさん。Fランク、ポーター、龍威のペーパーカンパニーの元取り立て屋。ご覧のとおり、下調べは欠かさないの。
act1_haein:bureau:8,elias,neutral,apparition,"(Le J21. Dans quinze jours, quelqu'un dans cette tour va lui tirer une balle dans la tête.)","(21일째. 보름 뒤, 이 타워 안의 누군가가 그녀 머리에 총알을 박는다.)",（二十一日目。半月後、このタワーの誰かが彼女の頭を撃ち抜く。）
act1_haein:merc:0,hae_in,joy,apparition,Enfin quelqu'un qui parle ma langue.,드디어 말이 통하는 사람이 왔네요.,やっと話の通じる人が来たわね。
act1_haein:merc:4,elias,neutral,apparition,Troisième pilier. Plaque d'égout fausse. Volant rouillé.,세 번째 기둥. 가짜 맨홀 뚜껑. 녹슨 핸들.,三本目の柱。偽のマンホール。錆びたハンドル。
act1_haein:heros:0,hae_in,contempt,apparition,Ouvrir mes réserves à des réfugiés. Gratuitement.,내 비축품을 난민들에게 열라고요. 공짜로.,私の備蓄を難民に開けと。無償で。
act1_haein:tyran:1,hae_in,threat,apparition,Peu de gens connaissent ce nom. Ils ont tous signé des accords de confidentialité. Certains ne sont plus là pour les respecter.,그 이름을 아는 사람은 드물어요. 다들 비밀유지 계약서에 서명했죠. 몇몇은 그걸 지킬 수 없게 됐고요.,その名を知る者は少ないわ。全員が秘密保持契約に署名した。何人かは、もう守る必要もなくなったけれど。
act1_haein:tyran:2,elias,smirk,apparition,"Moi, je n'ai rien signé.",난 아무것도 서명 안 했는데.,俺は何にもサインしてない。
act1_haein:froid:0,hae_in,contempt,apparition,"Dommage. Vous aviez l'air plus intéressant que mes conseillers. Shin, raccompagnez-le.","아쉽네요. 제 고문들보다는 재미있어 보였는데. 신, 배웅해 드려.",残念。うちの顧問たちよりは面白そうに見えたのに。シン、お送りして。
act1_haein:fin:0,hae_in,neutral,apparition,"Agent Shin vous raccompagne. Ne revenez pas sans y être invité, Monsieur Kang.","신 요원이 배웅해 드릴 거예요. 초대 없이는 다시 오지 마세요, 강 씨.",シンがお送りするわ。招かれずに戻ってこないで、カンさん。
act1_haein:contrat:1,hae_in,neutral,apparition,"« Archives scellées de l'Assemblée nationale. Un disque dur Haesong Bio, étiquette verte. Rapportez-le intact. Rémunération : généreuse. Discrétion : absolue. — Y. H. »",「국회 봉인 기록보관실. 녹색 라벨의 해송 바이오 하드디스크. 손상 없이 가져올 것. 보수: 넉넉함. 기밀: 절대. — Y. H.」,「国会の封印書庫。緑ラベルの海松バイオ製ハードディスク。無傷で持ち帰ること。報酬は弾む。口外は厳禁。— Y. H.」
act1_haein:defeat:2,elias,exhausted,apparition,Pas… encore…,아직… 안 돼…,まだ…だ…
act1_haein:remise:3,hae_in,joy,apparition,"Intact. Vous êtes plus fiable que mon conseil d'administration, Monsieur Kang.","손상 없네요. 우리 이사회보다 믿을 만하군요, 강 씨.",無傷ね。うちの取締役会より信用できるわ、カンさん。
act1_haein:remise_soupcon:0,hae_in,threat,apparition,Le sceau a été ouvert puis refermé. Proprement. Je respecte le travail propre.,봉인을 뜯었다가 다시 붙였네요. 깔끔하게. 깔끔한 일은 존중해요.,封は一度開けて、閉じ直してある。綺麗にね。綺麗な仕事は嫌いじゃないわ。
act1_haein:remise_fin:1,hae_in,neutral,apparition,Cent. Et un accès aux laboratoires Haesong Bio. On m'a dit que vous fréquentiez une médecin. Elle trouvera peut-être son bonheur là-bas.,백. 그리고 해송 바이오 연구소 출입권. 의사 한 명이랑 어울린다면서요. 거기서 필요한 걸 찾을지도 모르죠.,百。それと海松バイオ研究所への入館証。女医さんと親しいそうね。あそこで欲しいものが見つかるかもしれないわ。
act1_haein:remise_fin:2,elias,neutral,apparition,Vous me faites surveiller.,날 감시하는군요.,俺を見張らせてるのか。
act1_haein:penthouse_go:5,hae_in,desire,scène clé,"Ne me regardez pas comme ça, Monsieur Kang. Ou alors, regardez-moi vraiment.","그런 눈으로 보지 마세요, 강 씨. 아니면… 제대로 보시든가.",そんな目で見ないで、カンさん。それとも…ちゃんと見なさい。
act1_haein:penthouse_go:7,hae_in,sad,scène clé,"Ma fille a dix-neuf ans. Elle étudie à Paris. Elle est de l'autre côté du Voile, et je ne sais pas si elle est vivante.","제 딸은 열아홉이에요. 파리에서 공부하죠. 장막 저편에 있고, 살아 있는지조차 몰라요.",娘は十九歳。パリで勉強しているの。帳の向こう側にいて、生きているのかもわからない。
act1_haein:penthouse_doux:0,hae_in,sad,apparition,Seule… Vous dites ça comme si c'était une maladie.,혼자라… 무슨 병처럼 말하네요.,独り…まるで病気みたいに言うのね。
act1_haein:penthouse_defi:0,hae_in,threat,apparition,Insolent.,건방지긴.,生意気ね。
act1_haein:penthouse_alarme:4,hae_in,desire,apparition,"Restez. Mes murs tiendront. Les leurs, non. Ce n'est pas votre faute.",있어요. 내 벽은 버텨요. 저들의 벽은 못 버티고. 당신 잘못이 아니에요.,いなさい。私の壁は持つわ。あの人たちのは持たない。あなたのせいじゃない。
act1_haein:penthouse_quitte:0,hae_in,surprise,apparition,Vous me laissez pour des réfugiés.,난민들 때문에 날 두고 가는군요.,難民のために、私を置いていくのね。
act1_haneul:reve_j2:3,haneul,tilt,scène clé,Tu es revenu plus tôt que prévu.,예정보다 일찍 돌아왔구나.,予定より早く戻ってきたのね。
act1_haneul:reve_j2:5,haneul,neutral,scène clé,"Viens me chercher, Lecteur. Avant qu'ils ne me trouvent.","날 찾으러 와, 독자. 저들이 날 찾기 전에.",迎えに来て、読み手さん。あの人たちに見つかる前に。
act1_haneul:vision_j3:3,haneul,joy,apparition,Tu lis mes comptes. Ça chatouille.,내 장부를 읽고 있구나. 간지러워.,私の帳簿を読んでる。くすぐったい。
act1_haneul:vision_j3:4,elias,surprise,apparition,"(Elle me voit. D'où elle est, elle me voit.)","(그녀가 날 본다. 거기서도, 날 보고 있다.)",（彼女には見えてる。あそこからでも、俺が。）
act1_haneul:murmure_j4:2,haneul,fear,scène clé,Les robes blanches ont trouvé l'escalier. Elles chantent devant ma porte. Viens au cinquième matin.,하얀 옷들이 계단을 찾았어. 내 문 앞에서 노래해. 다섯 번째 아침에 와.,白い衣の人たちが階段を見つけたの。私の扉の前で歌ってる。五日目の朝に来て。
act1_haneul:murmure_boucle:0,haneul,sad,apparition,Tu es déjà mort une fois dans cette boucle. Je l'ai senti. Ça m'a pris un souvenir.,"너, 이번 회차에서 이미 한 번 죽었지. 느꼈어. 그게 내 기억 하나를 가져갔어.",この周回で、あなたはもう一度死んだ。感じたの。それで記憶をひとつ失くした。
act1_haneul:murmure_boucle:1,elias,fear,apparition,Quel souvenir ?,무슨 기억?,どんな記憶だ？
act1_haneul:rencontre:5,elias,sad,scène clé,Je t'ai trouvée. Quinze jours plus tôt que la dernière fois.,찾았다. 지난번보다 보름이나 빨리.,見つけた。前より半月も早く。
act1_haneul:rencontre:7,haneul,tilt,scène clé,"…Tu sens la poussière, la poudre et le savon bon marché.",…먼지랑 화약이랑 싸구려 비누 냄새가 나.,…埃と火薬と、安い石鹸の匂いがする。
act1_haneul:nom:0,haneul,joy,scène clé,Haneul… Le ciel.,하늘… 하늘.,ハヌル…空。
act1_haneul:nom_choisi:1,haneul,joy,apparition,"Tu m'aurais appelée Haneul, n'est-ce pas ? Je l'entends dans ta tête. Je le prends.","날 하늘이라고 부르려고 했지? 네 머릿속에서 들려. 그 이름, 가질게.",私をハヌルって呼ぶつもりだったでしょ？頭の中から聞こえる。その名前、もらうね。
act1_haneul:rencontre_fin:2,haneul,joy,apparition,Il est chaud. Je le garde.,따뜻해. 이거 내 거야.,あったかい。これ、もらう。
act1_haneul:reve_j7:3,haneul,fear,scène clé,"Ils ont presque trouvé la porte. Ils chantent si fort, Elias. Ils veulent que je dorme pour toujours.","저들이 거의 문을 찾았어. 노랫소리가 너무 커, 엘리아스. 내가 영원히 잠들길 바라.",あの人たち、もうすぐ扉を見つける。歌が大きすぎるの、エリアス。私を永遠に眠らせたいのよ。
act1_tower:vestibule:4,elias,smirk,apparition,"Charmant. Dans l'autre vie, j'ai mis trois jours à comprendre. Cette fois, je viens les mains vides.",멋지네. 지난 생에는 이걸 깨닫는 데 사흘 걸렸지. 이번엔 빈손으로 왔다.,素敵だね。前の人生じゃ、気づくのに三日かかった。今回は手ぶらで来たぜ。
act1_tower:portes_souvenir:0,elias,smirk,apparition,(« Il ne peut ouvrir qu'une porte à la fois. Il ment toujours sur la troisième. »),(「한 번에 문 하나만 열 수 있다. 세 번째 문에 대해서는 항상 거짓말을 한다.」),（「一度に開けられる扉はひとつだけ。三つ目の扉については、必ず嘘をつく」）
act1_tower:defeat:2,elias,exhausted,apparition,Pas… encore…,아직… 안 돼…,まだ…だ…
act1_world:maree_hide:1,elias,exhausted,apparition,"(On meurt toujours seul. Ce soir, ce n'est pas mon tour.)",(사람은 어차피 혼자 죽는다. 오늘 밤은 내 차례가 아니야.),（どうせ人は独りで死ぬ。今夜は俺の番じゃない。）
act1_world:defeat:2,elias,exhausted,apparition,Pas… encore…,아직… 안 돼…,まだ…だ…
act1_world:sceaux:6,elias,neutral,apparition,"Dans l'autre vie, j'ai regardé ces lumières depuis un égout. Les gens se sont entretués toute la nuit pour savoir qui les porterait.",지난 생에는 하수구에서 저 빛을 봤다. 사람들은 누가 그걸 갖느냐로 밤새 서로를 죽였지.,前の人生じゃ、下水道からあの光を見てた。誰が手にするかで、人間どもは一晩中殺し合ったよ。
act1_world:porte_j5:5,elias,anger,apparition,Le cinquième matin. Elle dort derrière une porte sans serrure… et les robes blanches vont la chercher.,다섯 번째 아침. 그녀는 자물쇠 없는 문 뒤에서 자고 있다… 그리고 하얀 옷들이 그녀를 찾으러 간다.,五日目の朝。彼女は鍵のない扉の向こうで眠ってる…白い衣の連中が、探しに行く。
act1_world:classement:6,elias,smirk,apparition,Quarante-huit mille deux cent onzième. Parfait. Personne ne regarde jamais le fond du classement.,사만 팔천이백십일 위. 완벽해. 순위표 바닥은 아무도 안 보거든.,四万八千二百十一位。完璧だ。ランキングの底なんて、誰も見やしない。
act1_world:classement_conquerant:2,elias,surprise,apparition,"…Ah. Ça, ce n'était pas prévu.",…아. 이건 계획에 없었는데.,…あ。これは予定外だ。
act1_world:classement_haein:1,hae_in,threat,apparition,"« Rang F. Mensonge élégant. Vous avez ma curiosité, Monsieur Kang. Ne la gaspillez pas. — Y. H. »","「F랭크. 우아한 거짓말이네요. 당신은 제 호기심을 샀어요, 강 씨. 낭비하지 마세요. — Y. H.」",「Fランク。優雅な嘘ね。私の好奇心を買ったのよ、カンさん。無駄にしないで。— Y. H.」
act1_world:classement_seo_ok:0,seo_yeon,surprise,apparition,"Quarante-huit mille ? Vous vous êtes battu contre une nuée entière sous mes yeux. Le Système est aveugle, ou vous trichez.","사만 팔천 위요? 제 눈앞에서 떼거리 하나를 통째로 상대했잖아요. 시스템이 눈이 멀었거나, 당신이 속이는 거예요.",四万八千位？私の目の前で群れ丸ごと相手にしたのに。システムが節穴か、あなたがズルしてるかです。
act1_world:classement_seo_ok:1,elias,smirk,apparition,"Les deux, peut-être.",둘 다일지도.,両方かもな。
act1_world:classement_haneul_ok:0,haneul,tilt,apparition,Ils comptent les gens comme le Registre compte les morts. Ça ne te dérange pas ?,저들은 사람을 세. 장부가 죽음을 세는 것처럼. 넌 안 거슬려?,あの人たち、帳簿が死を数えるみたいに人を数えてる。気にならないの？
act1_world:classement_haneul_ok:1,elias,neutral,apparition,"Ça me dérange qu'on me compte. Les autres, je m'en occupe.",내가 세어지는 건 거슬리지. 나머지는 내가 챙긴다.,俺が数えられるのは気に食わない。他の連中は、俺が面倒を見る。
act1_world:choi_eglise:3,elias,neutral,apparition,Ses nuits.,밤일.,夜のこと、か。
act1_world:choi_verite:1,elias,sad,apparition,Raté.,실패네.,外れだ。
act1_world:agatha:3,elias,surprise,apparition,…Vous dites ça à tout le monde ?,…다들한테 그렇게 말하세요?,…誰にでもそう言うのか？
act1_world:maricel_marche:1,maricel,wink,apparition,"Ay, gwapo ! T'as l'air perdu. Ou riche. Les deux, c'est mon type préféré.","아이, 과포! 길 잃은 얼굴이네. 아니면 부자 얼굴이거나. 둘 다면 완전 내 타입이고.",アイ、グワポ！迷子って顔ね。それかお金持ち。両方なら、ど真ん中のタイプ。
act1_world:maricel_marche:2,elias,neutral,apparition,Je cherche des tunnels.,터널을 찾고 있어.,トンネルを探してる。
act1_world:maricel_avertir:0,maricel,surprise,apparition,…Comment tu sais pour les foreuses ? Personne ne sait pour les foreuses.,…드릴 얘기를 어떻게 알아? 그건 아무도 모르는데.,…なんで掘削機のこと知ってるの？誰も知らないはずなのに。
act1_world:maricel_avertir:1,elias,smirk,apparition,J'ai l'oreille fine.,귀가 밝아서.,耳がいいんでね。
act1_world:maricel_ration:0,maricel,joy,apparition,Une ration militaire ? T'es un ange ou un idiot. Va voir les vieux tunnels sous le marché. Et dis que tu viens de la part de Cel.,군용 전투식량? 천사거나 바보거나. 시장 밑 옛날 터널로 가 봐. 셀이 보냈다고 하고.,軍用レーション？天使か馬鹿ね。市場の下の古いトンネルに行ってみな。セルの紹介だって言って。
act1_world:aoi_frapper:0,aoi,fear,apparition,"— ! Qui… L'agence vous envoie ? Je reviens, je reviens, j'ai juste…","— ! 누, 누구… 소속사에서 보냈어요? 갈게요, 갈게요, 그냥 잠깐…",——！だ、誰…事務所の人？戻ります、戻りますから、ちょっとだけ…
act1_world:aoi_frapper:1,elias,neutral,apparition,"Personne ne m'envoie. Je passais. Vous chantez faux, au deuxième couplet.",아무도 안 보냈어. 지나가던 길이야. 2절에서 음 이탈하더라.,誰の差し金でもない。通りがかりだ。二番で音外してるぞ。
act1_world:mirae_drone:3,elias,smirk,apparition,"Rang F, oui. Merci de le rappeler.","그래, F랭크. 친절하게 상기시켜 줘서 고맙군.",ああ、Fランクだ。ご丁寧にどうも。
act1_world:mirae_anomalie:3,elias,anger,apparition,(Elle m'a vu. Déjà.),(그녀가 날 봤다. 벌써.),（もう、見つかった。）
act1_world:ryeon_domaine:1,ryeon,anger,apparition,"Tu regardes depuis trop longtemps, étranger. Soit tu dégaines, soit tu pars.","너무 오래 지켜보는구나, 이방인. 칼을 뽑든가, 물러가든가 하시오.",見物が長すぎるぞ、余所者。抜くか、去るか、選ぶがいい。
act1_world:ryeon_question:0,ryeon,tsundere,apparition,…Qui t'a parlé de ça ?! C'est une affaire de la Maison Baek !,…누가 그 얘기를 했소?! 그건 백가의 일이오!,…誰から聞いた！？それは白家の問題だ！
act1_world:ryeon_critique:1,ryeon,tsundere,apparition,Je… le savais. Évidemment. Je testais ton œil.,"나, 나도… 알고 있었소. 당연히. 네 눈을 시험한 것뿐이오.",わ、わかっていた。当然だ。そなたの目を試しただけだ。
act1_world:xiaoyu_barge:2,xiaoyu,fan,apparition,"Kang Elias. Mon meilleur recouvreur. Tu as disparu le jour de la fin du monde, sans rendre ta dernière enveloppe.",강 엘리아스. 내 최고의 추심원. 세상이 끝나던 날 사라졌지. 마지막 봉투도 안 돌려주고.,カン・エリアス。私の最高の取り立て屋。世界が終わった日に消えたわね。最後の封筒も返さずに。
act1_world:xiaoyu_barge:3,elias,smirk,apparition,J'ai eu un empêchement. Je suis mort.,사정이 있었어. 죽었거든.,野暮用があってな。死んでた。
act1_world:xiaoyu_avertir:1,xiaoyu,fan,apparition,Tu sais que je fais noyer ceux qui me mentent ?,나한테 거짓말하는 놈들은 물에 빠뜨리는 거 알지?,私に嘘をつく人間は、沈めることにしてるの。知ってた？
act1_world:xiaoyu_avertir:2,elias,neutral,apparition,Je sais. C'est pour ça que je ne mens pas.,알아. 그래서 거짓말 안 하는 거야.,知ってる。だから嘘はつかない。
act1_world:xiaoyu_payer:0,xiaoyu,joy,apparition,Un homme qui paie ses dettes après l'apocalypse. On devrait t'empailler.,종말 뒤에도 빚을 갚는 남자라니. 박제해야겠네.,世界の終わりの後に借金を返す男なんて。剥製にしたいくらい。
act1_world:xiaoyu_refus:0,xiaoyu,contempt,apparition,Personne ne « ne travaille plus » pour moi. On finit juste de travailler.,나를 위해 「더는 일 안 하는」 사람은 없어. 그냥 일이 끝날 뿐이지.,私の下で「もう働かない」なんて人はいないわ。ただ、働き終わるだけ。
act1_world:nadia_reflet:3,elias,fear,apparition,"(Le reflet blanc. Le toit, à gauche.)",(하얀 반사광. 왼쪽 지붕.),（白い反射。左の屋上だ。）
act1_world:simone_checkpoint:2,simone,neutral,apparition,"Stop. Civil, rang F. Demi-tour, ou je te fais demi-tourner.","정지. 민간인, F랭크. 돌아가. 아니면 내가 돌려보낸다.",止まれ。民間人、Fランク。引き返せ。でなきゃ、私が引き返させる。
act1_world:simone_info:0,simone,surprise,apparition,…Personne n'est entré là-dedans. Comment tu saurais ça ?,…저 안엔 아무도 안 들어가 봤어. 네가 그걸 어떻게 알아?,…あの中には誰も入ってない。なんでお前がそれを知ってる？
act1_world:simone_info:1,elias,smirk,apparition,Appelons ça une intuition de rang F.,F랭크의 직감이라고 해 두지.,Fランクの勘ってことにしといてくれ。
act1_world:elus:3,elias,surprise,apparition,(Deux signatures ?),(서명이 두 개?),（署名が二つ？）
act1_world:eclat_vestibule:2,haneul,sad,apparition,…Tu m'entends ? Ce morceau est tombé de chez moi. Il se souvient encore de mon pas.,"…들려? 이 조각, 우리 집에서 떨어진 거야. 아직도 내 발소리를 기억해.",…聞こえる？このかけら、私の家から落ちてきたの。まだ私の足音を覚えてる。
act1_world:bunker_b6:2,elias,neutral,apparition,"Dans l'autre vie, on l'a trouvé au J18. Il était déjà vide. Pillé par Cheonma.",지난 생엔 18일째에 찾았지. 이미 텅 비어 있었다. 천마가 털어 갔거든.,前の人生じゃ、見つけたのは十八日目だ。もう空っぽだった。天魔に根こそぎ持っていかれてな。
act1_world:maison_bleue:2,elias,surprise,apparition,La Tour est déjà venue. Et quelqu'un l'a refermée.,탑은 전에도 왔었다. 그리고 누군가 그걸 닫았지.,塔は前にも来たんだ。そして、誰かが閉じた。
act1_world:grotte_seongsu:2,elias,neutral,apparition,"Dans l'autre vie, les Rats parlaient d'une « pierre qui pleure à l'envers ». Je n'y suis jamais allé.",지난 생에 쥐들이 「거꾸로 우는 돌」 얘기를 했었지. 난 가 본 적이 없다.,前の人生で、ネズミどもが「逆さに泣く石」の話をしてた。俺は行かずじまいだった。
act1_world:parc_haneul_ok:0,haneul,joy,apparition,Ce parc porte mon nom ! Enfin… le nom que tu m'as donné.,"이 공원, 내 이름이야! 그러니까… 네가 지어 준 이름.",この公園、私の名前！えっと…あなたがくれた名前。
act1_world:parc_haneul_ok:2,elias,smirk,apparition,Ils venaient boire de la bière et prendre des photos.,맥주 마시고 사진 찍으러 왔지.,ビール飲んで写真撮りに来てたよ。
act2_aoi:annonce:3,elias,anger,apparition,« Venez nombreux. » Il ne ment même pas. Il a besoin de beaucoup de monde.,「많이들 오세요.」 거짓말도 아니군. 사람이 많이 필요하니까.,「大勢でお越しください」か。嘘ですらない。人が大勢必要なんだ。
act2_aoi:annonce_pret:0,elias,smirk,apparition,Elle sait. Et la Sirène de Mirae est en miettes. Il reste à être là ce soir.,"그녀는 알고 있고, 미래의 사이렌은 박살 났다. 남은 건 오늘 밤 그 자리에 있는 것뿐.",彼女は知ってる。ミレのセイレーンは粉々だ。あとは今夜、そこにいるだけだ。
act2_aoi:studio2:4,aoi,true_smile,apparition,"Le type qui dit que je chante faux. Tu reviens me critiquer le premier couplet, cette fois ?",내가 음정 틀린다던 그 사람이네. 이번엔 1절 트집 잡으러 왔어?,私が音を外すって言った人だ。今度は一番にケチつけに来たの？
act2_aoi:studio_premiere:1,aoi,fear,apparition,"Si c'est l'agence, je suis en répétition. Si c'est un fan… je suis en répétition aussi.","소속사면, 저 연습 중이에요. 팬이면… 그래도 연습 중이에요.",事務所なら、リハ中です。ファンなら…やっぱりリハ中です。
act2_aoi:studio_premiere:2,elias,neutral,apparition,Ni l'un ni l'autre. Je viens parler du concert de demain soir.,둘 다 아니야. 내일 밤 공연 얘기를 하러 왔어.,どっちでもない。明日の夜のコンサートの話をしに来た。
act2_aoi:studio_coeur:0,elias,neutral,scène clé,Le Concert de l'Espoir est un piège. Mirae va amplifier ta voix pour attirer la Marée sur la foule. Ils veulent mesurer combien de monstres une chanson peut appeler.,희망의 콘서트는 함정이야. 미래가 네 목소리를 증폭해서 조수를 관객 위로 끌어들일 거야. 노래 한 곡이 괴물을 얼마나 부르는지 재 보려는 거지.,希望のコンサートは罠だ。ミレはお前の声を増幅して、潮を観客の上に呼び寄せる。歌一曲で怪物が何匹来るか、測りたいんだ。
act2_aoi:studio_coeur:1,aoi,neutral,apparition,…,…,…
act2_aoi:studio_coeur:2,aoi,sad,scène clé,Tu sais ce qui est drôle ? Je te crois. Tout de suite. Parce que c'est exactement le genre de chose que ferait le président Jang.,웃긴 게 뭔지 알아? 나 너 믿어. 바로. 딱 장 회장님이 할 법한 짓이거든.,おかしいでしょ？信じちゃう。すぐに。だって、チャン会長がいかにもやりそうなことだもん。
act2_aoi:studio_choix:0,aoi,sad,apparition,Choisir. Je ne sais même pas comment on fait.,선택이라니. 어떻게 하는 건지도 몰라.,選ぶ、か。どうやるのかも知らないよ。
act2_aoi:studio_choix:1,elias,neutral,apparition,"On commence petit. Demain soir, tu refuses leur micro. Tu chantes avec ta voix, sans leur machine. Et au premier cri, tu descends de scène et tu cours vers moi.","작은 것부터 해. 내일 밤, 저들 마이크를 거절해. 기계 없이 네 목소리로 불러. 그리고 첫 비명이 들리면 무대에서 내려와 나한테 달려와.",小さいことから始めろ。明日の夜、奴らのマイクを断れ。機械なしで、自分の声で歌え。最初の悲鳴が聞こえたら、ステージを降りて俺のところへ走れ。
act2_aoi:studio_choix:2,aoi,true_smile,scène clé,"…D'accord. D'accord. Ça, je peux le faire. Je crois.",…알았어. 알았어. 그건 할 수 있어. 아마도.,…わかった。わかった。それなら、できる。たぶん。
act2_aoi:studio_chant:2,aoi,tears,scène clé,Personne ne m'avait jamais demandé ça. Une seule personne. Pas une foule.,그런 부탁 한 사람은 없었어. 단 한 사람. 관중이 아니라.,そんなこと頼まれたの、初めて。たった一人。群衆じゃなくて。
act2_aoi:studio_chant:3,elias,neutral,apparition,"Alors demain, chante pour une seule personne. Pas dans leur micro. Et descends au premier cri.","그럼 내일, 단 한 사람을 위해 불러. 저들 마이크 말고. 그리고 첫 비명에 내려와.",なら明日は、一人のために歌え。奴らのマイクじゃなく。最初の悲鳴で降りてこい。
act2_aoi:studio_promesse:0,aoi,surprise,apparition,"Tu serais là ? Vraiment ? Les gens disent ça, et puis…",거기 있을 거라고? 정말? 다들 그렇게 말하고는…,いてくれるの？本当に？みんなそう言って、それで…
act2_aoi:studio_promesse:1,elias,neutral,apparition,Je serai là.,거기 있을게.,いる。
act2_aoi:studio_tyran:1,aoi,stage_smile,apparition,Ah. Encore un propriétaire. D'accord. Je connais ce rôle.,아. 또 주인이 생겼네. 알았어요. 이 역할은 익숙해요.,あ。また持ち主ができた。わかりました。この役は慣れてます。
act2_aoi:sabotage_minh_anh:1,minh_anh,red_leds,apparition,L'anomalie temporelle. Enfin. Tu as quarante secondes avant que je réactive les drones.,시간 이상 개체. 드디어. 드론을 다시 켜기까지 40초 줄게.,時間異常体。やっとね。ドローンを再起動するまで四十秒。
act2_aoi:sabotage_minh_anh:2,elias,surprise,apparition,Pourquoi tu m'aides ?,왜 날 돕는 거지?,なぜ俺を助ける？
act2_aoi:sabotage_fin:2,elias,anger,apparition,Les foreuses. Ce sont eux qui creusent sous les tunnels de Maricel.,굴착기. 마리셀의 터널 밑을 파는 게 저놈들이었어.,掘削機。マリセルのトンネルの下を掘ってるのは奴らだ。
act2_aoi:concert_sauf:2,aoi,true_smile,scène clé,"Cette chanson est pour une seule personne. Les autres, vous pouvez écouter quand même.",이 노래는 단 한 사람을 위한 거예요. 다른 분들도 들으셔도 돼요.,この歌は、たった一人のための歌です。他の皆さんも、聴いててかまいません。
act2_aoi:concert_sauf:5,elias,smirk,apparition,Plus rien. Elle est quitte.,이제 한 푼도. 빚은 끝났어.,もう一銭も。彼女は清算済みだ。
act2_aoi:concert_sabote:2,elias,anger,apparition,"Tout le monde derrière la scène ! Aoi, avec moi !","전부 무대 뒤로! 아오이, 나랑 같이!",全員ステージの裏へ！葵、俺と来い！
act2_aoi:concert_convaincue:1,aoi,fear,scène clé,"Non… non, je n'ai pas pris le micro ! Je n'ai pas…","아니… 아니야, 나 마이크 안 잡았어! 난 안…",違う…違う、マイクは取ってない！私は…
act2_aoi:concert_convaincue:3,elias,anger,apparition,Ce n'est pas ta faute. Cours vers moi. Maintenant !,네 잘못 아니야. 나한테 달려와. 지금!,お前のせいじゃない。俺のところへ走れ。今だ！
act2_aoi:concert_piege:2,aoi,fear,apparition,Qu'est-ce que… Pourquoi ils viennent tous vers nous ?,뭐야… 왜 다들 우리 쪽으로 오는 거야?,なに…どうしてみんなこっちに来るの？
act2_aoi:dilemme_aoi:2,aoi,tears,scène clé,Tu… tu es venu pour moi. Pas pour eux. Pour moi.,너… 나 때문에 온 거야. 저 사람들 말고. 나 때문에.,あなた…私のために来たんだ。あの人たちじゃなくて。私のために。
act2_aoi:dilemme_foule:3,elias,tears,apparition,(Je lui avais promis d'être là. J'étais là.),(거기 있겠다고 약속했지. 난 거기 있었다.),（そこにいると約束した。俺は、そこにいた。）
act2_aoi:concert_sauvee:1,aoi,true_smile,scène clé,"Je n'ai jamais rien choisi de ma vie. Aujourd'hui, je choisis de te suivre. Si tu veux bien.",평생 아무것도 선택해 본 적 없어. 오늘은 너를 따라가기로 선택할래. 네가 괜찮다면.,人生で何も選んだことなかった。今日は、あなたについていくって選ぶ。いいなら、だけど。
act2_aoi:concert_sauvee:2,elias,smirk,apparition,Il y a de la place. On mange mal et on dort peu.,자리는 있어. 밥은 형편없고 잠은 부족하지만.,場所はある。飯はまずいし、寝る暇もないがな。
act2_aoi:sauvee_dominee:0,aoi,stage_smile,apparition,"Où est-ce que je dois aller, Monsieur ? Je suis à vous, maintenant. C'est ce qui était prévu.","어디로 가면 되나요, 주인님? 이제 저는 당신 거예요. 원래 그렇게 정해져 있었잖아요.",どこへ行けばいいですか、ご主人様？もう私はあなたのものです。そういう予定でしたよね。
act2_aoi:absent_sauf:2,aoi,true_smile,apparition,"Tu n'es pas venu. Mais tu avais raison. Alors… je suis venue, moi.",넌 안 왔지. 그래도 네 말이 맞았어. 그래서… 내가 왔어.,あなたは来なかった。でも、正しかった。だから…私が来たの。
act2_aoi:defeat:2,elias,exhausted,apparition,Pas… encore…,아직… 안 돼…,まだ…だ…
act2_maricel:guerre_eau:7,maricel,wink,apparition,"Ay, gwapo. Tu tombes bien. Les Rats ont un aqueduc colonial qui passe juste sous leurs pompes. Il nous faut quelqu'un qui tape fort pendant qu'on ouvre la vanne d'en bas.","아이, 과포. 마침 잘 왔네. 우리 쥐들한테 저 펌프 바로 밑을 지나는 식민지 시대 수로가 있거든. 우리가 아래 밸브를 여는 동안 세게 두들겨 줄 사람이 필요해.",アイ、グワポ。いいとこに来た。ネズミたちには、あいつらのポンプの真下を通る植民地時代の水路があるの。下のバルブを開ける間、派手に暴れてくれる人が要るんだ。
act2_maricel:eau_maricel_inconnue:0,maricel,wink,apparition,"Toi, là. T'as la tête de quelqu'un qui sait se battre et qui n'a pas d'eau non plus. Maricel. Les Rats du Han.",거기 너. 싸울 줄 알고 물도 없는 얼굴이네. 마리셀이야. 한강의 쥐들.,そこのあんた。ケンカができて、水もない顔してる。マリセル。漢江のネズミよ。
act2_maricel:eau_xiaoyu:1,xiaoyu,fan,apparition,"Kang. Tu es encore vivant. Viens de mon côté du fleuve, et l'eau sera gratuite pour toi et tes amis. Reste de l'autre… et tu boiras le Han.",강. 아직 살아 있었네. 강 이쪽으로 오면 너와 네 친구들은 물이 공짜야. 저쪽에 남으면… 한강물을 마시게 될 거고.,カン。まだ生きてたのね。こちら岸に来れば、あなたと仲間の水はタダ。向こうに残るなら…漢江を飲むことになるわ。
act2_maricel:eau_rats:0,maricel,joy,apparition,"Ça, c'est mon gwapo ! Les gamins, à l'aqueduc ! On ouvre dans trois minutes !","역시 우리 과포! 얘들아, 수로로! 3분 뒤에 연다!",さすが私のグワポ！みんな、水路へ！三分後に開けるよ！
act2_maricel:eau_rats:1,xiaoyu,contempt,apparition,Dommage. Tu étais mon meilleur recouvreur.,아쉽네. 내 최고의 추심원이었는데.,残念。私の最高の取り立て屋だったのに。
act2_maricel:eau_rats:5,maricel,laugh,scène clé,"Elle coule ! Elle coule pour tout le monde ! Ay, je t'embrasserais si t'étais pas plein de boue.","흐른다! 모두를 위해 흐른다! 아이, 진흙투성이만 아니면 뽀뽀해 줬을 텐데.",流れてる！みんなのために流れてる！アイ、泥まみれじゃなきゃキスしてあげるのに。
act2_maricel:eau_longwei:0,xiaoyu,desire,apparition,"Sage décision. Les hommes sages vivent plus vieux. Pas beaucoup, mais un peu.","현명한 선택이야. 현명한 남자는 오래 살거든. 많이는 아니고, 조금.",賢明ね。賢い男は長生きするの。少しだけ、だけど。
act2_maricel:eau_longwei:2,maricel,anger,scène clé,"Tu m'as regardée dans les yeux il y a trois minutes. Je me souviendrai de ta tête, gwapo. Pas pour les bonnes raisons.","3분 전에 내 눈을 똑바로 봤잖아. 네 얼굴 기억할게, 과포. 좋은 의미로는 아니고.",三分前、私の目を見てたよね。その顔、覚えとくよ、グワポ。いい意味じゃなくね。
act2_maricel:eau_partage:0,elias,neutral,scène clé,Les Rats ouvrent l'aqueduc colonial. Longwei garde les pompes et vend aux clans. Les camps et le Sanctuaire boivent gratuitement. Tout le monde garde la face.,쥐들은 식민지 수로를 연다. 용위는 펌프를 지키고 클랜들에게 판다. 캠프와 성소는 공짜로 마신다. 다들 체면은 지키는 거지.,ネズミは植民地水路を開ける。龍威はポンプを守って氏族に売る。キャンプと聖域はタダで飲む。全員、面子は保てる。
act2_maricel:eau_partage:2,xiaoyu,fan,apparition,"Le vieux maître est mort, Oncle Fang. Et c'est moi qui écoute.","선대 어른은 돌아가셨어요, 팡 숙부. 그리고 듣는 건 저예요.",先代は亡くなったわ、ファン叔父様。そして、聞いているのは私よ。
act2_maricel:eau_partage:4,maricel,surprise,apparition,Il a réussi. Il a vraiment réussi à faire plier la Dame Dragon sans un coup de poing.,해냈어. 주먹 한 번 안 쓰고 진짜로 용의 여인을 굽혔어.,やった。ほんとに、拳一つ使わずにドラゴン様を折れさせた。
act2_maricel:eau_sabotage:1,xiaoyu,anger,apparition,…Tu viens de condamner la moitié de la ville à boire la pluie.,…방금 도시 절반한테 빗물 마시라고 선고한 거야.,…今、街の半分に雨水を飲めって宣告したのよ。
act2_maricel:eau_sabotage:2,maricel,surprise,apparition,T'es complètement taré. J'adore. Je déteste. J'adore.,너 완전 미쳤어. 좋아. 싫어. 좋아.,あんた完全にイカれてる。好き。嫌い。好き。
act2_maricel:tunnels:4,maricel,wink,apparition,Gwapo ? T'es matinal. On descend chercher les caisses de médicaments d'un vieux dépôt. Trois heures aller-retour. Tu viens ?,과포? 일찍 일어났네. 옛 창고에 약 상자 가지러 내려가. 왕복 세 시간. 같이 갈래?,グワポ？早起きじゃん。古い倉庫に薬の箱を取りに降りるの。往復三時間。来る？
act2_maricel:tunnels_hostile:0,maricel,contempt,apparition,Tiens. Le chien de Longwei. Tu viens vérifier qu'on paie bien notre eau ?,어머. 용위의 개네. 우리가 물값 잘 내나 확인하러 왔어?,あら。龍威の犬じゃん。ちゃんと水代払ってるか確かめに来たの？
act2_maricel:tunnels_hostile:1,elias,neutral,apparition,Je viens t'empêcher de mourir. C'est tout.,네가 죽는 걸 막으러 왔어. 그게 다야.,お前を死なせないために来た。それだけだ。
act2_maricel:tunnels_etayes:2,maricel,surprise,scène clé,Ce sont… tes poutres. Celles que tu m'as fait porter en me racontant des histoires d'apocalypse.,이거… 네 기둥이야. 종말 얘기 늘어놓으면서 나한테 나르게 했던 그거.,これ…あんたの柱だ。世界の終わりの話をしながら、私に運ばせたやつ。
act2_maricel:tunnels_etayes:3,elias,smirk,apparition,Je t'avais dit que ce n'étaient pas des histoires.,지어낸 얘기가 아니라고 했잖아.,作り話じゃないって言っただろ。
act2_maricel:tunnels_forage_stop:2,maricel,fear,apparition,"C'est calme. Trop calme. Les Rats disent que quand les tunnels se taisent, quelque chose écoute.",조용해. 너무 조용해. 쥐들 말로는 터널이 조용하면 뭔가가 듣고 있는 거래.,静か。静かすぎる。トンネルが黙るときは、何かが聞いてるってネズミたちは言うの。
act2_maricel:tunnels_preuve:1,maricel,anger,scène clé,"…Non prioritaires. Mes gamins, c'est « non prioritaire ».",…우선순위 아님. 우리 애들이 「우선순위 아님」이래.,…優先度低。うちの子たちが「優先度低」だって。
act2_maricel:tunnels_confiance:0,maricel,sad,apparition,…Je ne fais confiance à personne qui promet des trucs. Le dernier m'a vendue.,…뭘 약속하는 사람은 아무도 안 믿어. 마지막 놈은 날 팔아넘겼거든.,…何か約束する人は信じない。最後のやつは、私を売ったから。
act2_maricel:tunnels_descendre:1,maricel,fear,scène clé,"Ça craque… ça craque, ça craque… je peux pas… pas encore, pas dans le noir…","삐걱거려… 삐걱거려, 삐걱… 못 하겠어… 또는 싫어, 어둠 속은…",軋んでる…軋んでる、軋んでる…無理…もう嫌、暗いところは…
act2_maricel:tunnels_descendre:6,maricel,tears,scène clé,Tu m'as portée. Comme un sac de riz. Personne ne m'avait jamais portée.,날 업었어. 쌀자루처럼. 날 업어 준 사람은 한 명도 없었는데.,私をおぶった。米袋みたいに。おぶってくれた人なんて、一人もいなかったのに。
act2_maricel:tunnels_creature:4,maricel,fear,apparition,"C'est par là, La Racine. J'y suis allée une fois. Il y avait une femme endormie dans le mur. Je n'en ai jamais parlé à personne.",저쪽이 「뿌리」야. 한 번 가 봤어. 벽 속에 여자가 잠들어 있었어. 아무한테도 말한 적 없어.,あっちが「根」。一度だけ行った。壁の中で女の人が眠ってた。誰にも話したことない。
act2_maricel:tunnels_creature:5,elias,surprise,apparition,(Une femme endormie… comme Haneul. Sous Yongsan.),(잠든 여자… 하늘처럼. 용산 아래에.),（眠る女…ハヌルのように。龍山の下に。）
act2_maricel:tunnels_sauvee:1,maricel,wink,apparition,"Bon. Les Rats ont une dette envers toi, et les Rats paient toujours leurs dettes. Moi aussi. Surtout moi.","좋아. 쥐들은 너한테 빚을 졌고, 쥐들은 빚을 꼭 갚아. 나도. 특히 나는.",よし。ネズミはあんたに借りができた。ネズミは借りを必ず返す。私も。特に私はね。
act2_maricel:sauvee_froide:0,maricel,contempt,apparition,Je te dois la vie. Je déteste ça. Je viens avec toi jusqu'à ce que la dette soit payée. Pas un jour de plus.,너한테 목숨을 빚졌어. 그게 싫어. 빚 갚을 때까지만 같이 간다. 하루도 더는 안 돼.,命の借りができた。最悪。借りを返すまではついていく。一日も長くはね。
act2_maricel:absent_tient:2,maricel,wink,apparition,"Il paraît que c'est toi, les poutres. Et le Sommet. Bon. J'ai une dette, gwapo.","기둥도 너고, 정상회담도 너라며. 좋아. 빚졌네, 과포.",柱もサミットも、あんただって聞いた。よし。借りができたね、グワポ。
act2_maricel:defeat:2,elias,exhausted,apparition,Pas… encore…,아직… 안 돼…,まだ…だ…
act2_seo:fievre_serum:0,elias,fear,apparition,"L'ampoule bleue. Je l'ai sur moi. Le Sanctuaire, vite.","파란 앰플. 내가 갖고 있어. 성소로, 빨리.",青いアンプル。持ってる。聖域へ、急げ。
act2_seo:sanctuaire:3,seo_yeon,tears,scène clé,Kang-ssi… Les enfants… je n'ai pas pu…,강 씨… 애들이… 저는 못…,カンさん…子どもたちが…私、守れなくて…
act2_seo:sanctuaire:5,elias,anger,apparition,Tenez bon. Je reviens avec le remède.,버텨요. 약을 가지고 돌아올게요.,持ちこたえてください。薬を持って戻ります。
act2_seo:sanctuaire_serum:2,seo_yeon,tears,scène clé,Vous m'avez… Pourquoi vous revenez toujours me chercher ?,당신이 저를… 왜 매번 저를 찾으러 돌아오는 거예요?,あなたが私を…どうしていつも私を迎えに戻ってくるんですか？
act2_seo:sanctuaire_serum:3,elias,sad,apparition,"Parce que la dernière fois, je ne suis pas revenu.","지난번엔, 돌아오지 않았으니까요.",前は、戻らなかったからです。
act2_seo:hopital:7,seo_yeon,surprise,apparition,"Kang-ssi ? Qu'est-ce que vous… Les petits ont disparu du camp, je les cherche depuis ce matin.",강 씨? 여기서 뭘… 애들이 캠프에서 사라졌어요. 아침부터 찾고 있어요.,カンさん？どうして…子どもたちがキャンプからいなくなって、朝から探してるんです。
act2_seo:hopital_rupture:0,seo_yeon,contempt,apparition,"Vous. Évidemment, vous. Le Seigneur qui n'était pas là quand ses vassaux mouraient.",당신. 당연히 당신이죠. 가신들이 죽어 갈 때 자리에 없던 영주님.,あなた。もちろん、あなたね。家臣が死んでいくとき、いなかった領主様。
act2_seo:hopital_pacte:0,seo_yeon,contempt,apparition,Seigneur Kang. Vous venez vérifier que votre médecin ne déserte pas ? Les petits ont fui le camp. À cause de votre tribut.,강 영주님. 의사가 도망치지 않나 확인하러 오셨어요? 애들이 캠프를 떠났어요. 당신이 걷은 공물 때문에요.,カン様。医者が逃げないか確かめに？子どもたちはキャンプから逃げました。あなたの貢納のせいで。
act2_seo:hopital_rodeurs:2,seo_yeon,fear,scène clé,"Derrière moi, les enfants. Derrière moi !","얘들아, 내 뒤로. 내 뒤로!",みんな、私の後ろに。後ろに！
act2_seo:hopital_rodeurs:7,seo_yeon,tears,scène clé,"…Ce n'est rien. Ce n'est rien, mon cœur. Ferme les yeux.","…괜찮아. 괜찮아, 아가. 눈 감고 있어.",…大丈夫。大丈夫よ。目を閉じてて。
act2_seo:hopital_vide:1,seo_yeon,surprise,apparition,Kang-ssi ? Je… j'ai rêvé que les petits étaient ici. J'ai couru sans réfléchir.,강 씨? 저… 애들이 여기 있는 꿈을 꿨어요. 생각도 없이 달려왔어요.,カンさん？私…子どもたちがここにいる夢を見て。何も考えずに走ってきたんです。
act2_seo:hopital_vide:3,seo_yeon,neutral,scène clé,Vous saviez. Vous saviez qu'il se passerait quelque chose ici. C'est pour ça que vous avez nourri les enfants.,알고 있었군요. 여기서 무슨 일이 생길 걸 알았던 거예요. 그래서 애들을 먹인 거고요.,知ってたんですね。ここで何か起きるって。だから子どもたちにご飯を。
act2_seo:hopital_vide:4,elias,neutral,apparition,Je savais qu'ils viendraient ici s'ils avaient faim. Ils n'ont plus faim.,배고프면 여기로 올 걸 알았어요. 이제 배고프지 않죠.,腹が減ればここへ来ると知っていた。もう腹は減ってない。
act2_seo:hopital_serum:1,seo_yeon,tears,scène clé,"« Le douzième jour, vous allez en avoir besoin. » Vous saviez. Depuis le début, vous saviez.",「12일째에 필요할 거예요.」 알고 있었군요. 처음부터 알았던 거예요.,「十二日目に、必要になる」。知ってたんですね。最初から、ずっと。
act2_seo:hopital_serum_elias:1,seo_yeon,tears,apparition,H-07… L'antiviral de Haesong. Où est-ce que vous… Non. Je ne veux toujours pas savoir.,H-07… 해송의 항바이러스제. 대체 어디서… 아뇨. 여전히 알고 싶지 않아요.,H-07…海松の抗ウイルス剤。いったいどこで…いいえ。やっぱり知りたくない。
act2_seo:hopital_haneul:0,haneul,sad,scène clé,Laisse-moi faire. Je ne peux pas soigner. Mais je peux arrêter le temps dans un tout petit endroit.,내가 할게. 치료는 못 해. 하지만 아주 작은 곳의 시간은 멈출 수 있어.,私にやらせて。治すことはできない。でも、ほんの小さな場所の時間なら止められる。
act2_seo:hopital_perdue:1,seo_yeon,neutral,scène clé,"Je suis médecin, Kang-ssi. Je sais ce qui va se passer à minuit.","저 의사예요, 강 씨. 자정에 무슨 일이 일어날지 알아요.",私は医者です、カンさん。真夜中に何が起きるか、わかってます。
act2_seo:perdue_minuit:2,seo_yeon,tears,scène clé,Lee Man-sik. Cinquante-quatre ans. Vous vous souviendrez de son nom pour moi ?,이만식. 쉰네 살. 저 대신 그 이름 기억해 줄래요?,イ・マンシク。五十四歳。私の代わりに、その名前を覚えていてくれますか？
act2_seo:perdue_minuit:3,elias,tears,apparition,Je me souviendrai des deux.,둘 다 기억할게요.,二人とも覚えておきます。
act2_seo:hopital_reecrite:2,seo_yeon,tears,scène clé,"Je suis vivante. Les six sont vivants. Je n'ai rien choisi, cette fois. Personne n'a dû mourir pour que quelqu'un d'autre vive.",저 살아 있어요. 여섯 명 다 살아 있어요. 이번엔 아무것도 고르지 않았어요. 누가 살기 위해 다른 누가 죽을 필요가 없었어요.,私、生きてる。六人とも生きてる。今回は何も選ばなかった。誰かが生きるために、誰かが死ななくてよかった。
act2_seo:reecrite_rupture:0,seo_yeon,tears,scène clé,Je vous déteste encore. Je crois. Mais vous êtes venu.,아직 당신이 미워요. 아마도. 그래도 와 줬네요.,まだあなたが嫌い。たぶん。でも、来てくれた。
act2_seo:reecrite_pacte:0,seo_yeon,surprise,scène clé,La clause de Protection… vous l'avez honorée. Encore.,보호 조항… 지켰네요. 또.,保護条項…守ったんですね。また。
act2_seo:rachat:2,seo_yeon,contempt,scène clé,"Kang-ssi. Vous m'achetez. Bien sûr. Vous avez vendu le camp, puis vous rachetez la marchandise abîmée. C'est ça ?","강 씨. 저를 사시는군요. 당연하죠. 캠프를 팔아 놓고, 이제 상한 물건을 되사는 거예요. 그렇죠?",カンさん。私を買うんですね。そうでしょうね。キャンプを売って、今度は傷物を買い戻す。そういうこと？
act2_seo:rachat:3,elias,sad,apparition,Je n'ai pas d'excuse. Seulement une clé.,변명은 없어요. 열쇠만 있을 뿐.,言い訳はない。鍵があるだけだ。
act2_seo:rachat_libre:1,seo_yeon,tears,scène clé,Je ne vous pardonne pas. Pas encore. Mais je viens. Quelqu'un doit recoudre ce que vous cassez.,용서 안 해요. 아직은. 그래도 갈게요. 당신이 부순 걸 누군가는 꿰매야 하니까.,許しません。まだ。でも、行きます。あなたが壊したものを、誰かが縫わなきゃいけないから。
act2_seo:rachat_pacte:1,seo_yeon,contempt,scène clé,"Un maître en remplace un autre. Au moins, vous, je sais pourquoi je vous hais.","주인이 바뀌었을 뿐이네요. 적어도 당신은, 왜 미워하는지 알아요.",主人が替わっただけ。少なくともあなたなら、なぜ憎いのかわかる。
act2_seo:liberee:2,seo_yeon,surprise,scène clé,"Vous avez vendu le camp. Et maintenant vous brisez les chaînes de tout le marché. Qui êtes-vous, Kang Elias ?","캠프를 팔아 놓고, 이제는 시장 전체의 사슬을 끊네요. 당신 정체가 뭐예요, 강 엘리아스?",キャンプを売ったくせに、今度は市場中の鎖を断ち切る。あなたは何者なの、カン・エリアス？
act2_seo:liberee:3,elias,neutral,apparition,Quelqu'un qui répare ses erreurs. Une à la fois.,자기 실수를 고치는 사람. 하나씩.,自分の過ちを直す人間だ。一つずつな。
act2_seo:defeat:2,elias,exhausted,apparition,Pas… encore…,아직… 안 돼…,まだ…だ…
act2_tower:arrivee:6,elias,neutral,apparition,"(Chaque combat fera du bruit. Deux, et la Mère se réveillera.)","(싸울 때마다 소리가 난다. 두 번이면, 어머니가 깨어난다.)",（戦うたびに音が出る。二度で、母が目を覚ます。）
act2_tower:arrivee_haneul:0,haneul,sad,scène clé,Ces gens ont choisi de se taire pour que la Tour ne les entende pas. Elle les a entendus quand même. Elle entend tout.,이 사람들은 탑이 듣지 못하게 침묵을 택했어. 그래도 탑은 들었어. 탑은 다 들어.,この人たちは塔に聞かれないように黙ることを選んだ。それでも塔は聞いた。塔は全部聞こえるの。
act2_tower:reveil_sourde:1,elias,smirk,apparition,Le battant. Elle est encore sourde de sa propre cloche.,종추. 자기 종소리에 아직 귀가 먹었군.,舌だ。自分の鐘で、まだ耳が潰れてる。
act2_tower:defeat:2,elias,exhausted,apparition,Pas… encore…,아직… 안 돼…,まだ…だ…
act2_world:impot:4,elias,neutral,apparition,"Dans l'autre vie, l'Impôt a vidé Gangnam en dix jours. Ceux qui ne pouvaient pas payer finissaient au Marché des Vassaux.","지난 생에서, 그 세금은 열흘 만에 강남을 비웠다. 못 내는 사람들은 가신 시장으로 끌려갔지.",前の人生では、あの税で江南は十日で空になった。払えない者は家臣市場行きだ。
act2_world:vassaux:4,elias,anger,apparition,Le Système appelle ça un contrat. Il y a une signature au bas de chaque collier.,시스템은 이걸 계약이라 부르지. 목걸이마다 아래에 서명이 있어.,システムはこれを契約と呼ぶ。首輪の一つ一つに署名がある。
act2_world:vassaux_seo:1,seo_yeon,tears,scène clé,…Ne me regardez pas. S'il vous plaît. Pas vous.,…보지 마세요. 제발. 당신만은.,…見ないでください。お願い。あなただけは。
act2_world:vassaux_seo:3,elias,sad,apparition,(C'est moi qui l'ai mise là. Avec deux cents billets.),(그녀를 여기 넣은 건 나다. 지폐 이백 장으로.),（彼女をここに入れたのは俺だ。札二百枚で。）
act2_world:sacrifice_boucle:2,elias,fear,apparition,(Il se souvient. Comment est-ce qu'il se souvient ?),(기억하고 있다. 어떻게 기억하는 거지?),（覚えている。どうして覚えているんだ？）
act2_world:sacrifice_combat:1,elias,smirk,apparition,Désolé de couper la messe.,미사 중에 미안.,ミサの途中で悪いな。
act2_world:sacrifice_simone:0,simone,cigar,apparition,"Rang F ! Mes gars couvrent le flanc gauche. Tu t'occupes des chanteurs, je m'occupe de ne pas te tirer dessus.",F랭크! 우리 애들이 왼쪽 측면 맡는다. 넌 노래꾼들 처리해. 난 널 안 쏘는 걸 맡을게.,Fランク！うちの連中が左翼を受け持つ。あんたは歌ってる連中を。あたしはあんたを撃たないように頑張る。
act2_world:sacrifice_observer:3,elias,anger,apparition,(Des mains de soignante. J'ai déjà vu ces mains.),(간호하는 사람의 손. 저 손을 본 적이 있다.),（看護する者の手だ。あの手は、前に見たことがある。）
act2_world:reve_j11:4,haneul,fear,scène clé,"Ils sont devant ma porte, Elias. Ils ont des brancards. Viens. S'il te plaît.","그들이 내 문 앞에 있어, 엘리아스. 들것을 들고 왔어. 와 줘. 제발.",あの人たちが扉の前にいるの、エリアス。担架を持ってる。来て。お願い。
act2_world:reve_j11_ok:1,haneul,sad,scène clé,"Avant toi, il y avait une autre Lectrice. Elle avait des lunettes rondes. Elle me portait, elle aussi.",너 이전에 다른 독자가 있었어. 동그란 안경을 썼어. 그 사람도 날 업어 줬어.,あなたの前に、別の読み手がいたの。丸い眼鏡をかけてた。その人も、私をおぶってくれた。
act2_world:sommet_haein:0,hae_in,threat,apparition,"Vous êtes mon invité, Monsieur Kang. Ne me faites pas regretter cette faveur. Tenez-vous droit et ne touchez à rien.","당신은 제 손님이에요, 강 씨. 이 호의를 후회하게 만들지 마세요. 똑바로 서고 아무것도 만지지 마세요.",あなたは私の客人よ、カンさん。この厚意を後悔させないで。背筋を伸ばして、何にも触らないこと。
act2_world:sommet_table:4,ryeon,anger,apparition,Je n'ai jamais dit oui.,난 승낙한 적 없어.,承諾した覚えはない。
act2_world:sommet_seo:1,hae_in,threat,apparition,"Haesong ne marchande pas les êtres humains en public, Président Jang. En privé, c'est autre chose.","해송은 공개석상에서 사람을 흥정하지 않아요, 장 회장님. 사적으로는 얘기가 다르지만요.",海松は公の場で人間を値切ったりしないわ、チャン会長。私的な場なら、話は別だけど。
act2_world:inter_treve:0,elias,neutral,scène clé,"La Tour vous tue un par un pendant que vous comptez vos Sceaux. Trêve pendant la Marée. Personne n'attaque personne la nuit. Ceux qui rompent la trêve, les quatre autres les écrasent.",당신들이 인장을 세는 동안 탑은 하나씩 죽이고 있어. 조수 동안 휴전. 밤엔 아무도 아무도 공격하지 않는다. 휴전을 깨는 자는 나머지 넷이 짓밟는다.,あんたたちが印章を数えてる間に、塔は一人ずつ殺していく。潮の間は休戦だ。夜は誰も誰も襲わない。破った者は、残りの四つが潰す。
act2_world:inter_treve:1,xiaoyu,fan,apparition,Je signe. Mes barges ont autre chose à faire que se battre dans le noir.,서명하죠. 내 바지선들은 어둠 속에서 싸우는 것 말고도 할 일이 많거든.,署名するわ。私の艀には、暗闇で戦うよりやることがあるの。
act2_world:inter_foreuses:0,elias,neutral,scène clé,"Mirae fore sous Myeongdong depuis une semaine. Sous cette cathédrale. Sous votre terre de paix. Forage MD-3, capteurs à poser avant le quatorzième jour.","미래는 일주일째 명동 밑을 파고 있어. 이 성당 밑을. 당신들의 평화의 땅 밑을. MD-3 굴착, 14일째 전에 센서 설치.",ミレは一週間前から明洞の下を掘ってる。この大聖堂の下を。あんたたちの平和の地の下を。MD-3掘削、十四日目までにセンサー設置。
act2_world:inter_foreuses:3,hae_in,threat,apparition,Évidemment. Haesong propose que les forages sous terrain neutre soient interdits. Immédiatement.,당연하겠죠. 해송은 중립 지역 밑 굴착 금지를 제안합니다. 즉시.,もちろんね。海松は中立地帯の下での掘削禁止を提案します。即刻。
act2_world:inter_arche:0,elias,anger,scène clé,"Avant de vous partager Séoul, demandez à Haesong ce qu'est le Projet ARCHE. Demandez qui a envoyé une sonde sous Yongsan. Et qui a reçu une réponse.","서울을 나눠 갖기 전에, 해송한테 ARCHE 프로젝트가 뭔지 물어봐. 누가 용산 밑으로 탐사선을 보냈는지. 그리고 누가 답을 받았는지.",ソウルを分け合う前に、海松にARCHE計画とは何か聞いてみろ。誰が龍山の下に探査機を送ったか。そして、誰が返事を受け取ったか。
act2_world:inter_arche:2,hae_in,threat,apparition,Monsieur Kang a beaucoup d'imagination. Haesong prendra note.,강 씨는 상상력이 풍부하시네요. 해송이 기억해 두죠.,カンさんは想像力が豊かね。海松は覚えておきます。
act2_world:inter_silence:1,elias,neutral,apparition,(Cheon veut une dynastie. Hae-in veut effacer. Jang veut des données. Xiaoyu veut survivre à ses oncles. Ryeon veut juste qu'on lui demande.),(천은 왕조를 원한다. 해인은 지우고 싶어 한다. 장은 데이터를 원한다. 샤오위는 숙부들보다 오래 살고 싶어 한다. 련은 그저 누가 물어봐 주길 바란다.),（チョンは王朝を。ヘインは消去を。チャンはデータを。シャオユーは叔父たちより長く生きることを。リョンは、ただ誰かに訊いてほしいだけだ。）
act2_world:apres_haein:0,hae_in,neutral,apparition,Nam. Mon vice-président depuis neuf ans.,남. 9년 동안 제 부회장이었어요.,ナム。九年間、私の副会長だった男。
act2_world:apres_haein:2,hae_in,neutral,scène clé,"Vous venez d'acheter beaucoup de ma confiance, Monsieur Kang. C'est une monnaie que je n'émets presque jamais.","방금 제 신뢰를 많이 사셨네요, 강 씨. 제가 거의 발행하지 않는 화폐랍니다.",今、私の信頼をずいぶん買ったわね、カンさん。私がほとんど発行しない通貨よ。
act2_world:apres_ryeon:0,ryeon,tsundere,apparition,"Tu étais le seul, dans cette pièce, à ne pas me regarder comme un meuble qu'on déménage.",이 방에서 날 옮길 가구처럼 보지 않은 건 너뿐이었어.,あの部屋で、私を運ばれる家具みたいに見なかったのは、お前だけだった。
act2_world:apres_ryeon:1,elias,neutral,scène clé,"Le dix-septième jour, au crépuscule, tu vas provoquer Tae-ju en duel pour refuser ce mariage. Et tu vas perdre.","17일째 해 질 녘, 넌 그 결혼을 거부하려고 태주에게 결투를 신청할 거야. 그리고 질 거야.",十七日目の黄昏、お前はその結婚を拒むためにテジュに決闘を挑む。そして、負ける。
act2_world:apres_xiaoyu:0,xiaoyu,fan,apparition,Fang m'a fait sauter sur ses genoux quand j'avais quatre ans.,팡 숙부는 내가 네 살 때 무릎에 앉혀 놀아 줬어.,ファン叔父様は、私が四つのとき膝の上であやしてくれたのよ。
act2_world:classement:6,elias,smirk,apparition,Douze mille. On remonte. Trop vite.,만 이천 위. 올라가고 있군. 너무 빨리.,一万二千位。上がってきたな。速すぎる。
act2_world:revolte:2,seo_yeon,anger,scène clé,"Le camp ne paiera plus. Si vous voulez le tribut, prenez-le sur moi. La clause le permet, non ?",캠프는 더 이상 안 냅니다. 공물을 원하면 저한테서 가져가세요. 조항이 허락하잖아요?,キャンプはもう払いません。貢納が欲しいなら、私から取って。条項はそれを許すでしょう？
act2_world:revolte_liberer:1,seo_yeon,surprise,apparition,…Pourquoi maintenant ?,…왜 지금이에요?,…どうして今なんですか？
act2_world:revolte_liberer:2,elias,neutral,apparition,Parce que tu me l'as enfin demandé en face.,이제야 내 얼굴을 보고 말했으니까.,やっと面と向かって言ってくれたからだ。
act2_world:revolte_ecraser:1,seo_yeon,tears,scène clé,Je paierai. Pour eux. Pas pour vous. Jamais pour vous.,낼게요. 저 사람들을 위해서. 당신이 아니라. 절대 당신을 위해서는 아니에요.,払います。この人たちのために。あなたのためじゃない。絶対に、あなたのためじゃない。
act2_world:defeat:2,elias,exhausted,apparition,Pas… encore…,아직… 안 돼…,まだ…だ…
act3_haein:coup:6,hae_in,threat,scène clé,Monsieur Kang. Vous arrivez en retard à une réunion à laquelle vous n'étiez pas convié. C'est presque élégant.,강 씨. 초대받지도 않은 회의에 늦게 오셨네요. 거의 우아할 지경이군요.,カンさん。招かれてもいない会議に遅刻してくるなんて。ほとんど優雅ね。
act3_haein:coup_prete:1,hae_in,threat,scène clé,"Vous avez terminé, Gi-seok ? Bien. Monsieur Kang m'a prévenue il y a huit jours. J'ai eu le temps de lire vos messages à Mirae. Tous.","다 끝났나요, 기석 씨? 좋아요. 강 씨가 여드레 전에 알려 줬어요. 미래에 보낸 당신 메시지를 읽을 시간이 충분했죠. 전부.",終わった、ギソク？結構。カンさんが八日前に教えてくれたの。あなたがミレに送ったメッセージ、読む時間は十分あったわ。全部ね。
act3_haein:coup_hostile:0,hae_in,contempt,apparition,Ne croyez pas que je vous remercierai. Vous avez jeté ARCHE en pâture à toute la ville. Mais je préfère vous devoir la vie qu'à lui le Sceau.,고맙다고 할 거라 생각하지 마세요. 당신은 ARCHE를 온 도시에 던져 줬으니까. 그래도 저자에게 인장을 넘기느니 당신에게 목숨을 빚지는 게 낫죠.,礼を言うとは思わないで。あなたはARCHEを街中に晒した。でも、あの男に印章を渡すくらいなら、あなたに命を借りる方がましよ。
act3_haein:coup_combat:4,hae_in,threat,scène clé,"Neuf ans, Gi-seok. Vous auriez pu attendre que je meure de vieillesse. J'ai le cœur fragile, paraît-il.","9년이에요, 기석 씨. 제가 늙어 죽을 때까지 기다릴 수도 있었잖아요. 심장이 약하다던데요, 제가.",九年よ、ギソク。私が老衰で死ぬのを待てばよかったのに。心臓が弱いそうよ、私。
act3_haein:nam_epargne:1,hae_in,neutral,apparition,"Il moisira dans le bunker B4. C'est pire que la mort, pour un homme qui aime les fenêtres.",B4 벙커에서 썩게 될 거예요. 창문을 좋아하는 남자에겐 죽음보다 끔찍하죠.,B4の地下壕で朽ちていくわ。窓が好きな男には、死ぬより辛いでしょうね。
act3_haein:coup_apres:1,hae_in,neutral,scène clé,"Vous m'avez prévenue, vous êtes venu, et vous avez vu ce dont je suis capable. Vous en savez trop pour que je vous laisse partir, Monsieur Kang. Alors choisissez comment vous restez.","당신은 경고했고, 와 주었고, 제가 뭘 할 수 있는지도 봤죠. 그냥 보내기엔 너무 많이 알아요, 강 씨. 그러니 어떻게 남을지 고르세요.",警告して、来てくれて、私に何ができるかも見た。帰すには知りすぎたわ、カンさん。だから、どう残るか選びなさい。
act3_haein:apres_hostile:0,hae_in,contempt,apparition,"Je vous dois la vie. Je vous dois aussi la honte d'ARCHE. Les deux s'annulent, Monsieur Kang. Sortez de ma tour.","목숨을 빚졌죠. ARCHE의 수치도 당신 덕이고요. 둘이 상쇄되네요, 강 씨. 제 타워에서 나가세요.",命の借りがある。ARCHEの恥も、あなたのおかげ。相殺ね、カンさん。私のタワーから出ていって。
act3_haein:apres_alliance:0,hae_in,surprise,scène clé,"D'égal à égale. Personne ne m'a jamais proposé ça. Ils voulaient tous être au-dessus, ou en dessous.","대등하게. 그런 제안은 처음이에요. 다들 위에 서거나, 아래에 있고 싶어 했거든요.",対等に。そんな提案は初めて。皆、上に立つか、下にいたがったから。
act3_haein:apres_pacte:1,hae_in,threat,scène clé,"Dépossession. Bien joué. Je négocie chaque clause. La septième d'abord : je rends compte chaque soir. La huitième : Da-bin reste hors de tout ceci. Si vous touchez à ma fille, le contrat brûle, et vous avec.","박탈이군요. 잘했어요. 조항 하나하나 협상하겠어요. 먼저 7조: 매일 밤 보고한다. 8조: 다빈은 이 일에서 제외한다. 제 딸에게 손대면, 계약은 불타고 당신도 같이 타요.",剥奪ね。見事よ。条項は一つずつ交渉する。まず第七条、毎晩報告する。第八条、ダビンは一切関わらせない。娘に手を出したら、契約は燃える。あなたもね。
act3_haein:defeat:2,elias,exhausted,apparition,Pas… encore…,아직… 안 돼…,まだ…だ…
act3_ryeon:assaut:4,ryeon,anger,scène clé,"Toi ! Tu tombes au pire moment. Ou au meilleur. Prends la gauche, je tiens l'escalier.","너! 최악의 타이밍에 왔군. 아니면 최고의. 왼쪽을 맡아, 계단은 내가 지킨다.",お前！最悪の時に来たな。いや、最高の時か。左を頼む、階段は私が守る。
act3_ryeon:assaut_rencontre:3,ryeon,anger,scène clé,Un étranger. Tu es armé ? Non ? Alors ramasse quelque chose et tiens la gauche.,이방인. 무기 있어? 없어? 그럼 아무거나 주워서 왼쪽을 지켜.,よそ者か。武器は？ない？なら何か拾って左を守れ。
act3_ryeon:assaut_combat:4,elias,anger,apparition,"« Après la nuit de noces, prends le domaine. » Le mariage n'était qu'une porte d'entrée.",「첫날밤이 지나면 영지를 차지해라.」 결혼은 들어가는 문에 불과했어.,「初夜の後、領地を奪え」。結婚は入口にすぎなかったのか。
act3_ryeon:assaut_combat:6,ryeon,neutral,scène clé,"Mon père a donné sa parole. Demain au crépuscule, je l'honorerai. D'une manière ou d'une autre.","아버지가 약속하셨다. 내일 해 질 녘, 나는 그 약속을 지킬 거야. 어떤 식으로든.",父は約束した。明日の黄昏、私はそれを果たす。どんな形であれ。
act3_ryeon:duel_defi:0,ryeon,anger,scène clé,"Cheon Tae-ju. Je refuse cette union. Selon le code des Collines, je te défie en duel d'honneur. Si je tombe, la Maison Baek t'appartient.","천태주. 이 혼인을 거부한다. 북악의 법도에 따라 명예의 결투를 신청한다. 내가 쓰러지면, 백가는 네 것이다.",チョン・テジュ。この婚姻を拒む。北の丘の掟に従い、名誉の決闘を申し込む。私が倒れたら、白家はお前のものだ。
act3_ryeon:duel_champion:0,ryeon,tsundere,apparition,…Tu n'as pas le droit. C'est mon honneur.,…넌 그럴 권리가 없어. 이건 내 명예야.,…お前にその権利はない。これは私の名誉だ。
act3_ryeon:duel_champion:1,elias,smirk,scène clé,"Ton honneur, c'est de vivre assez longtemps pour reconstruire la Maison. Laisse-moi celui de me faire casser la figure.",네 명예는 가문을 다시 세울 만큼 오래 사는 거야. 얻어터지는 명예는 나한테 넘겨.,お前の名誉は、家を立て直すまで生きることだ。ぶん殴られる名誉は俺に譲れ。
act3_ryeon:defeat:2,elias,exhausted,apparition,Pas… encore…,아직… 안 돼…,まだ…だ…
act3_ryeon:champion_defaite:1,ryeon,anger,scène clé,Assez ! Le champion est tombé. Le duel me revient.,그만! 대전자가 쓰러졌다. 결투는 내 차례다.,そこまで！代理は倒れた。決闘は私に戻る。
act3_ryeon:champion_victoire:2,ryeon,tears,scène clé,Tu as… Personne ne s'était jamais battu à ma place. Je déteste ça. Je… merci.,너… 나 대신 싸워 준 사람은 아무도 없었어. 이런 거 싫어. 나… 고마워.,お前…私の代わりに戦った者など、一人もいなかった。こういうのは嫌いだ。私は…ありがとう。
act3_ryeon:duel_lettre:0,elias,anger,scène clé,"« Mon fils. Après la nuit de noces, prends le domaine. Les Baek n'auront plus d'héritier mâle pour protester. Le vieux Jin-ho ne verra pas l'hiver. — C. »",「아들아. 첫날밤이 지나면 영지를 차지해라. 백가에는 항의할 사내 후계자도 없을 것이다. 늙은 진호는 겨울을 넘기지 못한다. — 천」,「息子よ。初夜の後、領地を奪え。白家に異を唱える男の跡継ぎはもういない。老いたジノは冬を越せまい。——C」
act3_ryeon:duel_lettre:5,ryeon,anger,scène clé,Va-t'en. Avant que j'oublie que mon père t'a reçu sous son toit.,꺼져. 아버지가 너를 이 지붕 아래 들였다는 걸 잊기 전에.,去れ。父がお前をこの屋根の下に迎えたことを、忘れる前に。
act3_ryeon:duel_conseil:0,ryeon,tsundere,apparition,"…La feinte basse. L'épaule droite. Si tu mens, je reviendrai te hanter.","…낮은 페인트. 오른쪽 어깨. 거짓말이면, 죽어서라도 찾아갈 거야.",…下段のフェイント。右肩。嘘だったら、化けて出てやる。
act3_ryeon:duel_ryeon_victoire:1,ryeon,anger,scène clé,Je ne te tue pas. Je n'ai plus quinze ans. Rentre chez ton père et dis-lui que la Maison Baek n'est pas à vendre.,죽이지 않겠다. 난 이제 열다섯이 아니야. 아버지한테 돌아가서 백가는 팔 물건이 아니라고 전해.,殺さない。もう十五ではない。父の元へ帰り、白家は売り物ではないと伝えろ。
act3_ryeon:duel_mort:2,ryeon,tears,scène clé,…Pas de témoin. J'avais dit… pas de témoin…,…증인은 필요 없다고… 했잖아…,…立会人は…いらないと…言ったのに…
act3_ryeon:duel_sauvee:1,ryeon,neutral,scène clé,"La Maison Baek n'a plus de chef. Ni d'hommes. Il me reste un sabre et une dette. Les deux sont à toi, si tu les veux.","백가에는 이제 가주도, 사람도 없어. 남은 건 검 한 자루와 빚 하나. 원한다면 둘 다 네 거야.",白家にはもう当主も、兵もいない。残ったのは剣一振りと借りが一つ。望むなら、どちらもお前のものだ。
act3_ryeon:absent_survit:2,ryeon,tsundere,apparition,Tu avais raison. Je déteste quand tu as raison. Je viens payer ma dette.,네 말이 맞았어. 네가 옳을 때가 제일 싫어. 빚을 갚으러 왔다.,お前が正しかった。お前が正しいのが一番腹立たしい。借りを返しに来た。
act3_tower:etage3:5,elias,neutral,apparition,"(Dans l'autre vie, j'ai vendu deux ans ici pour une épée. Je ne sais plus lesquels.)",(지난 생에서 나는 여기서 검 한 자루에 2년을 팔았다. 어느 2년인지는 기억나지 않는다.),（前の人生で、ここで剣一本のために二年を売った。どの二年だったかは、もう覚えていない。）
act3_tower:etage3_marchande:0,maricel,wink,apparition,"Ay, gwapo. Ici on marchande. Tout. Laisse-moi parler, je vais leur vendre leurs propres étals.","아이, 과포. 여기선 다 흥정이야. 전부. 내가 말할게, 저 사람들 가판대를 저 사람들한테 되팔아 줄게.",アイ、グワポ。ここじゃ全部値切るの。全部。私に喋らせて、あいつらの屋台をあいつらに売りつけてやる。
act3_tower:etage3_xiaoyu:0,xiaoyu,fan,apparition,Un marché où l'on vend des années de vie… Mon père aurait adoré. Il en aurait acheté. Beaucoup.,수명을 파는 시장이라… 우리 아버지가 좋아했겠네. 많이 샀을 거야.,寿命を売る市場…父が好きそう。たくさん買ったでしょうね。
act3_tower:courtier_souvenir:2,haneul,tilt,apparition,Elias ? Tu as l'air… plus léger. Ça ne me plaît pas.,엘리아스? 너… 가벼워 보여. 마음에 안 들어.,エリアス？なんだか…軽くなったみたい。気に入らない。
act3_tower:etage4:5,elias,neutral,apparition,"(S'asseoir, c'est se désarmer. Ne pas s'asseoir, c'est les insulter.)",(앉으면 무장 해제다. 앉지 않으면 모욕이고.),（座れば武装解除。座らなければ侮辱だ。）
act3_tower:etage4_haein:0,hae_in,neutral,apparition,"Un dîner d'affaires sans fin, où l'on ne peut pas poignarder ses convives. J'ai présidé des conseils plus dangereux.",동석자를 찌를 수 없는 끝없는 비즈니스 만찬이라. 저는 이보다 위험한 이사회도 주재했어요.,同席者を刺せない、終わりのない会食。もっと危険な取締役会を仕切ったことがあるわ。
act3_tower:defeat:2,elias,exhausted,apparition,Pas… encore…,아직… 안 돼…,まだ…だ…
act3_world:etages:5,elias,anger,apparition,"Dans l'autre vie, Mirae a ouvert le feu sur Hongdae le dix-neuvième jour. « Pour la sécurité de tous. »",지난 생에서 미래는 19일째에 홍대에 발포했다. 「모두의 안전을 위해.」,前の人生で、ミレは十九日目に弘大へ発砲した。「皆の安全のために」。
act3_world:heritiere:5,haneul,fear,scène clé,Elias… Ils chantent si fort. Je n'arrive plus à rester réveillée. Je…,엘리아스… 저 사람들 노래가 너무 커. 깨어 있을 수가 없어. 나…,エリアス…歌が大きすぎる。起きていられない。私…
act3_world:heritiere_ok:3,haneul,tilt,apparition,Quelqu'un parle de moi. Je le sens. Comme une main sur une vitre.,누가 내 얘기를 해. 느껴져. 유리창에 댄 손처럼.,誰かが私のことを話してる。わかるの。窓ガラスに置かれた手みたいに。
act3_world:heritiere_boucle:0,elias,fear,apparition,(« À chaque fois que tu reviens. » Il sait que je régresse. Il le sait depuis le début.),(「네가 돌아올 때마다.」 내가 회귀하는 걸 알고 있다. 처음부터 알고 있었어.),（「お前が戻るたびに」。俺が回帰していると知っている。最初から知っていたんだ。）
act3_world:siege_combat:4,elias,surprise,apparition,(Seo-Yeon porte le même. Exactement le même.),(서연도 같은 걸 차고 있다. 완전히 똑같은 걸.),（ソヨンも同じものを着けている。まったく同じものを。）
act3_world:sauves_ryeon:0,ryeon,anger,scène clé,Va avec la voleuse. Je garde la chanteuse. Personne ne passera ces marches.,도둑이랑 가. 가수는 내가 지킨다. 이 계단은 아무도 못 지나가.,盗賊と行け。歌姫は私が守る。この階段は誰も通さない。
act3_world:sauves_xiaoyu:0,xiaoyu,fan,scène clé,"Mes barges sont au canal. Dix minutes pour vider la place. Chante vite, petite.","내 바지선이 운하에 있어. 광장을 비우는 데 10분. 빨리 불러, 꼬마야.",艀は運河にいるわ。広場を空けるのに十分。早く歌いなさい、お嬢ちゃん。
act3_world:sauves_marche:1,maricel,tears,scène clé,"Deux fois. Tu m'as sortie du noir deux fois, gwapo. À la troisième, je t'épouse.","두 번. 어둠에서 날 두 번 꺼내 줬어, 과포. 세 번째엔 결혼하자.",二回。暗闇から二回も出してくれた、グワポ。三回目は結婚ね。
act3_world:siege_aoi:1,aoi,true_smile,scène clé,"Ne te retourne pas. Si tu te retournes, je m'arrête.","돌아보지 마. 돌아보면, 나 멈춰 버릴 거야.",振り向かないで。振り向いたら、止まっちゃうから。
act3_world:classement_haneul:0,haneul,fear,scène clé,"Sept jours. C'est moi qui descends, Elias. Je m'en souviens, maintenant. C'est moi, la Descente.","7일. 내려가는 건 나야, 엘리아스. 이제 기억나. 강림은, 나야.",七日。降りるのは私なの、エリアス。今、思い出した。降臨は、私。
act3_world:classement_haneul:1,elias,neutral,apparition,Alors on a sept jours pour changer la fin du livre.,그럼 이야기의 결말을 바꿀 시간이 7일 있는 거야.,なら、本の結末を変えるのに七日ある。
act3_world:defeat:2,elias,exhausted,apparition,Pas… encore…,아직… 안 돼…,まだ…だ…
act3_xiaoyu:mutinerie:4,xiaoyu,fan,scène clé,"Kang. Tu viens dîner sans invitation sur ma barge. C'est soit très romantique, soit très stupide.","강. 초대도 없이 내 바지선에 저녁 먹으러 왔네. 아주 로맨틱하거나, 아주 멍청하거나.",カン。招待もなしに私の艀へ夕食に？とてもロマンチックか、とても愚かか、ね。
act3_xiaoyu:mutinerie_rencontre:2,xiaoyu,fan,scène clé,"Kang Elias. Mon ancien recouvreur. Tu viens dîner sans invitation. C'est soit très romantique, soit très stupide.","강 엘리아스. 내 옛 추심원. 초대도 없이 저녁 먹으러 왔네. 아주 로맨틱하거나, 아주 멍청하거나.",カン・エリアス。元取り立て屋。招待もなしに夕食に？とてもロマンチックか、とても愚かか、ね。
act3_xiaoyu:garde_prete:1,xiaoyu,desire,scène clé,"Tu m'avais prévenue, Kang. Je n'oublie pas mes dettes. Couvre-moi.","경고해 줬지, 강. 난 빚을 잊지 않아. 엄호해.",警告してくれたわね、カン。借りは忘れない。援護して。
act3_xiaoyu:choix_frapper:1,xiaoyu,joy,apparition,Tu es fou. J'adore les fous.,미쳤구나. 난 미친 남자가 좋아.,正気じゃないわ。正気じゃない男、大好き。
act3_xiaoyu:garde_plonger:1,xiaoyu,tears,scène clé,Personne… ne plonge… pour moi. Ils regardent. Ils parient.,아무도… 날 위해… 뛰어들지 않아. 다들 구경하지. 내기를 걸고.,誰も…私のために…飛び込まない。見てるだけ。賭けてるだけ。
act3_xiaoyu:garde_tenir:1,xiaoyu,contempt,apparition,"Je note. Tu as choisi le pont. Je note tout, Kang.","기억해 둘게. 넌 갑판을 택했어. 난 전부 기억해, 강.",覚えておくわ。あなたは甲板を選んだ。全部覚えてるのよ、カン。
act3_xiaoyu:combat_fang:4,xiaoyu,contempt,scène clé,"Vous m'avez fait sauter sur vos genoux, Oncle. Je vous rends la politesse.",숙부님 무릎에서 놀아 주셨죠. 그 예의를 갚아 드릴게요.,叔父様の膝であやしてもらったわね。そのお返しよ。
act3_xiaoyu:combat_fang:6,elias,neutral,apparition,(Je la garde. Ce n'est pas le moment.),(이건 내가 갖고 있자. 지금은 때가 아니다.),（これは預かっておく。今はその時じゃない。）
act3_xiaoyu:mutinerie_offre:0,xiaoyu,fan,scène clé,"Tu m'as sauvé la vie. Chez les Long, on ne dit pas merci : on fait un contrat. Fixe ton prix.",내 목숨을 구했지. 롱 가문은 고맙다고 안 해. 계약을 하지. 값을 불러.,命を救ってくれた。ロン家は礼を言わないの。契約を結ぶ。値段を言って。
act3_xiaoyu:offre_contrat:0,xiaoyu,desire,apparition,Un homme qui négocie après m'avoir repêchée. Je pourrais t'épouser rien que pour ça. Signé.,날 건져 놓고 협상하는 남자라니. 그것만으로도 결혼할 수 있겠어. 서명했어.,私を引き上げた後に交渉する男。それだけで結婚できそう。署名したわ。
act3_xiaoyu:offre_rien:0,xiaoyu,surprise,scène clé,"…Rien. Personne ne m'a jamais rien donné pour rien. Ça me terrifie, Kang. Je viens avec toi pour comprendre ce que tu veux vraiment.","…아무것도 안 바란다고. 대가 없이 뭘 준 사람은 없었어. 그게 무서워, 강. 네가 진짜 뭘 원하는지 알아내려고 같이 갈게.",…何もいらない、ね。見返りなしに何かくれた人なんていなかった。怖いわ、カン。あなたの本当の望みを知るために、ついていく。
act3_xiaoyu:offre_pari:2,xiaoyu,desire,scène clé,"Perdu. Loyalement, à ta façon. Une Long paie toujours ses dettes. Le Sceau du Courant, et le reste. Selon le contrat.","졌어. 네 방식대로, 공정하게. 롱 가문은 빚을 꼭 갚아. 물결의 인장, 그리고 나머지도. 계약대로.",負けたわ。あなたなりに、正々堂々と。ロン家は必ず借りを返す。流れの印章も、残りも。契約どおりに。
act3_xiaoyu:contrat:3,xiaoyu,fan,scène clé,"Tu m'as sauvé la vie avec une phrase, au Sommet. Je déteste les dettes. Alors je paie : mon Consortium, mes barges, et ma compagnie. Signe, mon chou.","정상회담에서 한마디로 내 목숨을 구했지. 난 빚이 싫어. 그래서 갚을게. 내 컨소시엄, 내 바지선, 그리고 나라는 동행까지. 서명해, 자기.",サミットで一言、命を救ってくれた。借りは嫌いなの。だから払う。私の連合、私の艀、そして私自身を。署名して、坊や。
act3_xiaoyu:defeat:2,elias,exhausted,apparition,Pas… encore…,아직… 안 돼…,まだ…だ…
prologue_j1:first_life:4,elias,exhausted,apparition,…Elle est encore là.,…아직 여기 있구나.,…まだ、いるのか。
prologue_j1:first_life:5,haneul,sad,apparition,Tu m'as portée jusqu'ici. Sans rien me demander.,날 여기까지 업고 왔어. 아무것도 바라지 않고.,ここまで私を背負ってくれた。何も求めずに。
prologue_j1:regress_open:4,elias,anger,apparition,…Encore.,…또야.,…また、か。
prologue_j1:wake:4,elias,surprise,apparition,Mon appart. Ma montre…,내 집. 내 시계…,俺の部屋。俺の時計…
prologue_j1:wake_first:4,elias,neutral,apparition,« Il y a un bunker sous le parking B6 de la tour IFC. »,「IFC 타워 주차장 B6 아래에 벙커가 있다.」,「IFCタワーの駐車場B6の下に、バンカーがある」
prologue_j1:wake_loop:1,elias,neutral,apparition,Je connais la suite. Le Rôdeur dans la rue. Puis la première Marée.,다음은 안다. 거리의 배회자. 그리고 첫 번째 범람.,この先は知ってる。通りの徘徊者。それから最初の潮だ。
prologue_j1:neighbor_help:0,elias,neutral,apparition,Accrochez-vous à mon cou. Et ne regardez pas dehors.,제 목을 꽉 잡으세요. 그리고 밖은 보지 마시고요.,首にしっかり掴まって。外は見ないでください。
prologue_j1:neighbor_leave:1,elias,neutral,apparition,On meurt toujours seul. Autant ne pas mourir pour quelqu'un d'autre.,어차피 사람은 혼자 죽어. 남 대신 죽을 필요는 없지.,どうせ人は独りで死ぬ。他人のために死ぬことはない。
prologue_j1:neighbor_rob:2,elias,smirk,apparition,Je recouvre. C'est mon métier.,추심 중이야. 그게 내 일이거든.,取り立てだ。それが俺の仕事でね。
prologue_j1:street:3,elias,smirk,apparition,"Celui-là, je l'ai déjà tué. Dans une autre vie, avec un pied de table.","저놈은 이미 죽여 봤지. 다른 생에서, 탁자 다리로.",あいつは一度殺してる。別の人生で、テーブルの脚でな。
prologue_j1:night_choi:2,elias,neutral,apparition,"Merci, madame Choi. Fermez la porte derrière moi.","고마워요, 최 여사님. 제가 나가면 문 잠그세요.",ありがとう、チェさん。俺が出たら扉を閉めて。
prologue_j1:night_fight:3,elias,exhausted,apparition,Premier jour. Toujours vivant. C'est déjà mieux que la plupart.,첫날. 아직 살아 있다. 대부분보단 낫군.,一日目。まだ生きてる。大半の連中よりはマシだ。
prologue_j1:j2:5,seo_yeon,anger,apparition,"Vous, là ! Vous saignez. Asseyez-vous avant de tomber.",거기요! 피 나잖아요. 쓰러지기 전에 앉으세요.,そこのあなた！血が出てます。倒れる前に座ってください。
prologue_j1:j2:9,elias,surprise,apparition,…C'est vous.,…당신이군.,…あんたか。
prologue_j1:j2_kind:0,seo_yeon,sad,apparition,Dormir. Oui. Juste après avoir trié qui mérite les antibiotiques.,자라고요. 네. 누가 항생제를 받을지 분류하고 나서요.,寝る。ええ。誰に抗生物質を回すか、選別し終わったら。
prologue_j1:j2_cold:0,seo_yeon,contempt,apparition,Un chef. Comme ceux de Gangnam qui font payer l'eau ?,지도자요. 물값을 받는 강남 놈들처럼요?,リーダー。水に金を取る江南の連中みたいな？
prologue_j1:j2_cold:1,elias,neutral,apparition,Un chef qui empêche les gens de mourir. Le prix vient après.,사람들이 안 죽게 막는 지도자. 대가는 그다음이고.,人を死なせないリーダーだ。代償はその後でいい。
prologue_j1:j2_silent:1,seo_yeon,joy,apparition,Merci. Vraiment.,고마워요. 진심으로.,ありがとう。本当に。
prologue_j1:j2_raid:1,seo_yeon,fear,apparition,Les enfants sont près de l'entrée !,애들이 입구 근처에 있어요!,子どもたちが入口の近くに！
prologue_j1:j2_fight:0,seo_yeon,fear,apparition,Je n'ai jamais… D'accord. D'accord. Je suis derrière vous.,저 한 번도… 알았어요. 알았어요. 뒤에 있을게요.,私、一度も…わかりました。わかりました。後ろにいます。
prologue_j1:j2_after:0,seo_yeon,surprise,apparition,"Vous… Qui êtes-vous, exactement ?",당신… 정체가 뭐예요?,あなた…いったい何者なんですか？
prologue_j1:j2_after:1,elias,smirk,apparition,Un Porteur. Rang F.,포터. F랭크.,ポーター。Fランクだ。
prologue_j1:defeat:2,elias,exhausted,apparition,Pas… encore…,아직… 안 돼…,まだ…だ…
refuge:seo_q:0,seo_yeon,neutral,scène clé,"Sept lettres, « ce qu'on doit à ceux qu'on n'a pas sauvés ». Je cherche depuis une heure.","일곱 글자, 「구하지 못한 이들에게 빚진 것」. 한 시간째 찾고 있어요.",七文字。「救えなかった人に負うもの」。一時間も考えてるんです。
refuge:seo_marque:1,seo_yeon,laugh,apparition,Ne faites pas cette tête. C'est le plus beau bijou que j'aie jamais porté.,그런 표정 짓지 마세요. 제가 차 본 장신구 중에 제일 예쁜걸요.,そんな顔しないでください。今まで着けた中で一番きれいなアクセサリーなんですから。
refuge:seo_r1:0,seo_yeon,embarrassed,apparition,"…Ça rentre. Évidemment que ça rentre. Vous êtes agaçant, Kang-ssi.","…들어맞네요. 당연히 맞죠. 짜증 나는 사람이에요, 강 씨.",…入る。当然入りますよね。腹が立つ人ですね、カンさん。
refuge:seo_intime:1,seo_yeon,embarrassed,scène clé,"Arrêtez de me regarder comme ça. Je ne vois rien sans elles, alors je ne peux pas savoir si vous vous moquez.","그렇게 보지 마세요. 안경 없으면 하나도 안 보여서, 놀리는 건지 알 수가 없잖아요.",そんなふうに見ないでください。眼鏡がないと何も見えないから、からかってるのかわからないんです。
refuge:seo_baiser:2,seo_yeon,desire,scène clé,"Je ne veux plus choisir qui vit, Elias. Ce soir, je veux juste choisir ça.","이제 누가 살지 고르고 싶지 않아요, 엘리아스. 오늘 밤엔 그냥 이걸 고르고 싶어요.",もう誰が生きるかなんて選びたくない、エリアス。今夜は、ただこれを選びたいの。
refuge:seo_pacte:1,seo_yeon,contempt,scène clé,"Le Pacte dit que je dois être disponible, Seigneur Kang. Je suis disponible.","계약에 따르면 저는 대기해야 하죠, 강 영주님. 대기하고 있습니다.",契約では、私は応じなければならない。カン様。応じに来ました。
refuge:seo_pacte_libre:0,seo_yeon,surprise,apparition,…Vous jouez à quoi ?,…무슨 장난이에요?,…何のつもりですか？
refuge:seo_pacte_reste:1,seo_yeon,tears,scène clé,"Ne soyez pas doux. Si vous êtes doux, je ne pourrai plus vous haïr.","다정하게 굴지 마세요. 다정하면, 더는 당신을 미워할 수 없게 되니까.",優しくしないで。優しくされたら、もうあなたを憎めなくなる。
refuge:haneul:5,haneul,tilt,scène clé,Il y a quatre étoiles de moins qu'hier. Je les ai comptées. Le ciel de la Tour mange le vrai.,어제보다 별이 네 개 줄었어. 세어 봤어. 탑의 하늘이 진짜 하늘을 먹고 있어.,昨日より星が四つ少ない。数えたの。塔の空が、本物の空を食べてる。
refuge:haneul_r1:0,haneul,joy,apparition,Je me rappelle ton dos. Et un goût de pain au lait. Et une chanson qu'une fille chantait mal au deuxième couplet.,네 등이 기억나. 우유식빵 맛도. 그리고 어떤 여자애가 2절을 틀리게 부르던 노래도.,あなたの背中を覚えてる。ミルクパンの味も。それから、二番をうまく歌えない女の子の歌も。
refuge:haneul_r1:2,elias,neutral,apparition,"Un jour, quand j'avais sept ans, ma mère m'a emmené voir la mer. Elle a dormi tout le trajet. Moi, j'ai regardé le ciel.","일곱 살 때, 엄마가 날 바다에 데려갔어. 엄마는 가는 내내 잤고. 나는 하늘만 봤지.",七歳のとき、母さんが海に連れていってくれた。母さんは道中ずっと寝てた。俺は、空を見てた。
refuge:haneul_intime:1,haneul,tilt,scène clé,Les gens d'en bas font ça quand ils ont peur de perdre quelqu'un. Se toucher. Je l'ai lu dans leurs Fins.,아래 사람들은 누군가를 잃을까 봐 무서울 때 이렇게 해. 서로 만지는 거. 그들의 결말에서 읽었어.,下の人たちは、誰かを失うのが怖いとき、こうするの。触れ合う。みんなの結末で読んだ。
refuge:haneul_baiser:1,haneul,desire,scène clé,Encore. Là. Les glyphes chantent quand tu touches là.,더. 거기. 거기를 만지면 문양이 노래해.,もっと。そこ。そこに触れると、紋様が歌うの。
refuge:haneul_baiser:4,haneul,desire,scène clé,Oh. C'est ça. C'est pour ça qu'ils ont peur de mourir.,아. 이거구나. 그래서 다들 죽는 걸 무서워하는구나.,あ。これなんだ。だからみんな、死ぬのが怖いんだ。
refuge:aoi:6,aoi,laugh,scène clé,"Spécialité d'Osaka. Enfin, d'Osaka après l'apocalypse. Si c'est mauvais, mens-moi. Tout le monde m'a toujours menti, je suis habituée.","오사카 명물이야. 뭐, 종말 이후의 오사카지만. 맛없으면 거짓말해 줘. 다들 늘 나한테 거짓말했으니까, 익숙해.",大阪名物やで。まあ、世界が終わった後の大阪やけど。まずかったら嘘ついて。みんないつも嘘ついてきたし、慣れてるから。
refuge:aoi_r1:0,aoi,true_smile,apparition,Ahaha ! Personne ne m'avait jamais dit que c'était mauvais. Tu es la pire personne que je connaisse.,아하하! 맛없다고 한 사람은 처음이야. 너 내가 아는 사람 중에 최악이야.,あはは！まずいって言われたの初めて。あなた、知ってる中で最悪の人や。
refuge:aoi_dominee:0,aoi,stage_smile,apparition,"Vous voulez que je chante, Monsieur ? Ou autre chose ? Dites-moi juste quoi faire. C'est plus simple.","노래할까요, 주인님? 아니면 다른 걸요? 뭘 할지 그냥 말해 주세요. 그게 편해요.",歌いましょうか、ご主人様？それとも別のこと？何をすればいいか言ってください。その方が楽です。
refuge:aoi_intime:1,aoi,fear,scène clé,Personne ne les a jamais vues. Même pas les médecins de l'agence : ils regardaient ailleurs en recousant.,아무도 본 적 없어. 소속사 의사들도. 꿰매면서 다른 데를 봤거든.,誰も見たことないの。事務所のお医者さんも。縫いながら、よそを見てた。
refuge:aoi_cicatrices:0,aoi,tears,scène clé,Tu ne fais pas la tête de pitié. Tout le monde fait la tête de pitié.,넌 불쌍하다는 표정을 안 짓네. 다들 그 표정 짓는데.,かわいそうって顔、しないんだ。みんなその顔するのに。
refuge:aoi_cicatrices:1,aoi,desire,scène clé,"Mon corps a appartenu à une agence pendant quatre ans. Ce soir, c'est moi qui décide à qui je le donne.","내 몸은 4년 동안 소속사 거였어. 오늘 밤은, 누구한테 줄지 내가 정해.",私の体は四年間、事務所のものだった。今夜は、誰にあげるか私が決める。
refuge:maricel:5,maricel,joy,scène clé,Adobo ! Recette de ma lola. Pour tout le Refuge. Ne me demande pas où j'ai trouvé le poulet. Vraiment. Ne demande pas.,아도보! 우리 롤라 레시피야. 피난처 전원 몫. 닭은 어디서 났는지 묻지 마. 진짜로. 묻지 마.,アドボ！ロラのレシピ。避難所のみんなの分。鶏肉どこで手に入れたかは聞かないで。マジで。聞かないで。
refuge:maricel_r1:0,maricel,laugh,apparition,"Ay, gwapo ! Tu chantes comme une porte de garage. C'est parfait. Encore !","아이, 과포! 노래가 차고 문 소리 같아. 완벽해. 한 곡 더!",アイ、グワポ！ガレージのシャッターみたいな歌声。最高。もう一曲！
refuge:maricel_intime:1,maricel,fear,scène clé,"Je ne dors jamais porte fermée. Une pièce sans fenêtre, une clé qui tourne de l'autre côté… J'avais vingt ans.","난 절대 문 닫고 안 자. 창문 없는 방, 반대편에서 돌아가는 열쇠… 스무 살이었어.",ドアを閉めて寝たことはないの。窓のない部屋、向こう側で回る鍵…二十歳だった。
refuge:maricel_porte:0,maricel,wink,scène clé,"…T'es vraiment bizarre, gwapo. C'est la chose la plus romantique qu'on m'ait jamais dite.","…너 진짜 이상해, 과포. 내가 들은 말 중에 제일 로맨틱해.",…あんた本当に変、グワポ。今まで言われた中で一番ロマンチックだよ。
refuge:maricel_porte:3,maricel,desire,scène clé,"Ay… gwapo… si tu t'arrêtes, je te vole ta montre pour de vrai.",아이… 과포… 멈추면 진짜로 네 시계 훔칠 거야.,アイ…グワポ…止めたら、本当に時計盗むからね。
refuge:seo_nuit2:3,seo_yeon,desire,scène clé,"Ne bouge pas. Pour une fois, c'est moi qui examine.",움직이지 마. 이번엔 내가 진찰할 차례야.,動かないで。今回は、私が診る番。
refuge:ryeon:5,ryeon,tsundere,scène clé,Je ne mangeais pas de bonbons. C'était… un test de vigilance. Tu l'as échoué.,사탕 먹던 거 아니야. 그건… 경계 테스트였어. 넌 탈락이야.,飴を食べていたのではない。あれは…警戒の試験だ。お前は不合格だ。
refuge:ryeon_r1:0,ryeon,tsundere,apparition,"…Tu es pénible. Mets ton pied gauche ici. Non, ici. Tu te bats comme un voyou.","…귀찮은 녀석. 왼발은 여기. 아니, 여기. 넌 깡패처럼 싸워.",…面倒な男だ。左足はここ。違う、ここだ。チンピラみたいな戦い方をする。
refuge:ryeon_intime:1,ryeon,tsundere,scène clé,Tu… ! Retourne-toi ! Un homme d'honneur se retourne !,너…! 돌아서! 명예를 아는 남자라면 돌아선다!,お前…！後ろを向け！名誉ある男なら後ろを向く！
refuge:ryeon_retourne:1,ryeon,embarrassed,apparition,…Je n'ai pas dit de partir.,…가라고는 안 했어.,…出ていけとは言っていない。
refuge:ryeon_reste:1,ryeon,embarrassed,apparition,J'ai dit ça. C'est vrai. Alors viens. Mais je garde le sabre à portée.,그렇게 말했지. 맞아. 그럼 와. 하지만 검은 손 닿는 데 둘 거야.,確かにそう言った。なら来い。だが剣は手の届く所に置く。
refuge:ryeon_bain:1,ryeon,embarrassed,scène clé,Personne ne m'a jamais… On ne m'a appris qu'à me battre. Je ne sais pas faire ça.,아무도 나한테… 난 싸우는 것밖에 배운 게 없어. 이런 건 할 줄 몰라.,誰も私に…私は戦うことしか教わっていない。こういうことは、知らない。
refuge:ryeon_bain:2,elias,neutral,apparition,Alors on fait comme à l'entraînement. Doucement. Et tu corriges ma garde.,그럼 훈련처럼 하자. 천천히. 그리고 네가 내 자세를 고쳐 줘.,なら稽古と同じだ。ゆっくり。それで、お前が俺の構えを直せ。
refuge:xiaoyu:6,xiaoyu,fan,scène clé,"Une partie, mon chou. Si tu gagnes, je te dis un secret. Si je gagne, tu m'en dis un.","한 판 하자, 자기. 네가 이기면 내 비밀 하나. 내가 이기면 네 비밀 하나.",一局どう、坊や。あなたが勝ったら私の秘密を一つ。私が勝ったら、あなたのを一つ。
refuge:xiaoyu_r1:0,xiaoyu,desire,apparition,"Perdu. Délicieusement. Ton secret, Kang.","졌네. 아주 맛있게. 네 비밀, 강.",負けね。美味しく。あなたの秘密よ、カン。
refuge:xiaoyu_r1:1,elias,neutral,apparition,Je suis déjà mort une fois. Dans un parking.,난 이미 한 번 죽었어. 주차장에서.,俺は一度死んでる。駐車場でな。
refuge:xiaoyu_lettre:1,xiaoyu,tears,scène clé,"« Je sais pour le thé, ma fille. Je te pardonne. Tu as fait ce que je t'ai appris. » …Le vieux salaud.","「차 일은 알고 있다, 딸아. 용서하마. 넌 내가 가르친 대로 했을 뿐이다.」 …늙은 망할 영감.",「茶のことは知っている、娘よ。許す。お前は私が教えた通りにしただけだ」…あの老いぼれ。
refuge:xiaoyu_intime:1,xiaoyu,desire,scène clé,"Mes amants sont des outils. Je les congédie au matin. Tu veux être congédié, Kang ?","내 애인들은 도구야. 아침이면 내보내지. 너도 내보내지고 싶어, 강?",私の恋人は道具よ。朝には追い出すの。あなたも追い出されたい、カン？
refuge:xiaoyu_nuit:1,xiaoyu,desire,apparition,Dix-neuf ans. Un amant qui voulait la place de mon père. Il est au fond du Han. Continue.,열아홉 살. 아버지 자리를 노리던 애인. 지금은 한강 바닥에 있어. 계속해.,十九の時。父の座を狙った恋人よ。今は漢江の底。続けて。
refuge:xiaoyu_nuit:3,xiaoyu,embarrassed,scène clé,Ne le dis à personne. Personne. Je ferais noyer toute la ville.,아무한테도 말하지 마. 아무한테도. 그랬다간 도시 전체를 빠뜨릴 거야.,誰にも言わないで。誰にも。言ったら街ごと沈めるわ。
refuge:xiaoyu_pacte:1,xiaoyu,fan,scène clé,"Une Long paie toujours. Avec panache. Dis-moi comment tu veux être payé, Seigneur.","롱 가문은 반드시 갚아. 멋지게. 어떻게 받고 싶은지 말해, 영주님.",ロンの女は必ず払う。華麗にね。どう払ってほしいか言って、ご領主様。
refuge:xiaoyu_pacte_reste:1,xiaoyu,desire,scène clé,"Une dette payée avec intérêts. Ne t'y habitue pas, Seigneur.","이자까지 쳐서 갚은 빚이야. 익숙해지지 마, 영주님.",利子付きで払った借りよ。慣れないでね、ご領主様。
refuge:hae_in:6,hae_in,neutral,scène clé,"Asseyez-vous, Monsieur Kang. Les Blancs. Vous perdrez en vingt coups, mais j'aimerais savoir comment vous perdez.","앉으세요, 강 씨. 백을 잡으세요. 스무 수 안에 지겠지만, 어떻게 지는지 보고 싶어요.",お座りなさい、カンさん。白をどうぞ。二十手で負けるでしょうけど、どう負けるのか見たいの。
refuge:haein_r1:0,hae_in,neutral,apparition,Vingt-trois coups. Vous m'avez surprise trois fois. Personne ne m'a surprise trois fois depuis neuf ans.,스물세 수. 저를 세 번 놀라게 했어요. 9년 동안 저를 세 번 놀라게 한 사람은 없었는데.,二十三手。三度も驚かされたわ。九年間、三度も私を驚かせた人はいなかった。
refuge:haein_intime:1,hae_in,neutral,scène clé,"J'ai tout contrôlé, toute ma vie. Mon mariage. Mon conseil. Mon deuil. Je voudrais savoir ce que ça fait de ne pas contrôler. Une nuit. Selon mes conditions.","평생 모든 걸 통제했어요. 결혼도, 이사회도, 애도도. 통제하지 않는 게 어떤 건지 알고 싶어요. 하룻밤만. 제 조건대로.",生涯、全てを支配してきた。結婚も、取締役会も、喪も。支配しないとはどういうことか知りたいの。一晩だけ。私の条件で。
refuge:haein_nuit:1,hae_in,neutral,scène clé,Mon mari. Il voulait me dresser. Il n'a jamais eu le reste. Personne ne l'a eu.,제 남편이요. 저를 길들이고 싶어 했죠. 나머지는 끝내 갖지 못했어요. 아무도요.,夫よ。私を調教したがった。残りは決して手に入れられなかった。誰もね。
refuge:haein_nuit:4,hae_in,desire,scène clé,"Pour la première fois, quelqu'un d'autre a décidé. C'est… terrifiant. Recommencez.","처음으로, 다른 누군가가 결정했어요. 그건… 무서워요. 다시 해요.",初めて、誰か他の人が決めた。それは…恐ろしいわ。もう一度。
refuge:haein_pacte:1,hae_in,threat,scène clé,"Le rapport du jour, Seigneur Kang. Les comptes de Haesong. Et ma présence, puisque le contrat la stipule.","오늘의 보고입니다, 강 영주님. 해송의 장부. 그리고 계약이 명시한 대로, 제 동석도요.",本日の報告です、カン様。海松の帳簿。それと、契約が定める通り、私の同席も。
refuge:haein_pacte_reste:1,hae_in,desire,scène clé,"Le contrat dit « présence ». Il ne dit rien de mon consentement au reste. Celui-là, je le donne. Ce soir. Notez-le.",계약에는 「동석」이라고만 되어 있죠. 나머지에 대한 제 동의는 없어요. 그건 제가 주는 거예요. 오늘 밤. 기록해 두세요.,契約は「同席」とだけ。それ以外への同意は書いていない。それは私が与えるの。今夜。記録しておいて。
